geo_city,geo_state,total_shifts,filled,unfilled,cancelled,unmet,unmet_rate
ABINGTON,PA,63,62,0,1,1,0.015873015873015872
ACCORD,NY,13,12,0,1,1,0.07692307692307693
AIRMONT,NY,215,187,0,28,28,0.13023255813953488
ALBANY,NY,4032,3149,42,841,883,0.21899801587301587
ALBERTSON,NY,547,529,0,18,18,0.03290676416819013
ALLENDALE,NJ,70,34,3,33,36,0.5142857142857142
ALLERTON,NY,42,41,0,1,1,0.023809523809523808
ALLISON PARK,PA,46,35,0,11,11,0.2391304347826087
ALTAMONT,NY,43,41,0,2,2,0.046511627906976744
ALTOONA,PA,2640,2159,1,480,481,0.1821969696969697
AMBLER,PA,62,62,0,0,0,0.0
AMITYVILLE,NY,1211,1138,3,70,73,0.06028075970272502
AMSTERDAM,NY,150,115,0,35,35,0.23333333333333334
ANDOVER,CT,99,96,0,3,3,0.030303030303030304
ANDREWS,NC,2,2,0,0,0,0.0
ANSONIA,CT,83,83,0,0,0,0.0
APOLLO,PA,45,43,0,2,2,0.044444444444444446
ARCADIA,PA,39,38,0,1,1,0.02564102564102564
ARDSLEY,NY,185,120,17,48,65,0.35135135135135137
ARMONK,NY,68,54,0,14,14,0.20588235294117646
ARNOLD,MD,54,46,2,6,8,0.14814814814814814
ARNOLD,MO,28,5,4,19,23,0.8214285714285714
ARVERNE,NY,2383,2102,22,259,281,0.11791859001258917
ASTON,PA,40,40,0,0,0,0.0
ASTORIA,NY,12881,11478,33,1370,1403,0.10892011489791165
ATLANTIC BEACH,NY,62,62,0,0,0,0.0
AURORA,CO,74,73,0,1,1,0.013513513513513514
AUSTIN,TX,1493,1183,33,277,310,0.20763563295378432
AVERILL PARK,NY,18,16,0,2,2,0.1111111111111111
AVON,CT,1490,1427,0,63,63,0.042281879194630875
AYDEN,NC,2,2,0,0,0,0.0
Acton,ME,2,0,0,2,2,1.0
Addisleigh Park,NY,5,0,0,5,5,1.0
Agawam,MA,4,4,0,0,0,0.0
Airmont,NY,168,136,0,32,32,0.19047619047619047
Akron,OH,109,100,0,9,9,0.08256880733944955
Alamosa,CO,66,66,0,0,0,0.0
Albany,NY,2664,2231,25,408,433,0.16253753753753752
Albertson,NY,65,56,0,9,9,0.13846153846153847
Alexandria,VA,303,302,0,1,1,0.0033003300330033004
Allegany,NY,8,0,8,0,8,1.0
Allison Park,PA,2,0,2,0,2,1.0
Allston,MA,34,19,0,15,15,0.4411764705882353
Altoona,PA,247,210,0,37,37,0.14979757085020243
Amherst,MA,82,58,0,24,24,0.2926829268292683
Amity Harbor,NY,484,468,0,16,16,0.03305785123966942
Amityville,NY,2533,2465,2,66,68,0.026845637583892617
Amsterdam,NY,54,50,0,4,4,0.07407407407407407
Ann Arbor,MI,7792,6572,422,798,1220,0.15657084188911705
Anniston,MO,20,18,0,2,2,0.1
Annville,PA,62,62,0,0,0,0.0
Apollo,PA,88,82,0,6,6,0.06818181818181818
Arenzville,IL,35,29,0,6,6,0.17142857142857143
Arlington Heights,IL,49,42,0,7,7,0.14285714285714285
Arnold,MO,2,2,0,0,0,0.0
Arvada,CO,81,80,0,1,1,0.012345679012345678
Arverne,NY,291,270,0,21,21,0.07216494845360824
Asheville,NC,286,259,27,0,27,0.0944055944055944
Ashford,CT,6,6,0,0,0,0.0
Ashland,IL,38,30,0,8,8,0.21052631578947367
Astoria,NY,3265,2915,5,345,350,0.10719754977029096
Astroria,NY,10,4,0,6,6,0.6
Auburn,ME,1,1,0,0,0,0.0
Ault,CO,2,2,0,0,0,0.0
Aurora,CO,2700,2579,0,121,121,0.044814814814814814
Aurora,IL,51,40,0,11,11,0.21568627450980393
Austerlitz,NY,21,0,21,0,21,1.0
Austin,PA,1,1,0,0,0,0.0
Ave Maria,FL,43,25,0,18,18,0.4186046511627907
Avis,PA,7,2,0,5,5,0.7142857142857143
Avoca,WI,9,7,0,2,2,0.2222222222222222
Avon,CT,15,14,0,1,1,0.06666666666666667
Ayden,NC,15,15,0,0,0,0.0
BABYLON,NY,118,109,1,8,9,0.07627118644067797
BALA CYNWYD,PA,67,56,0,11,11,0.16417910447761194
BALDWIN,NY,2185,1878,87,220,307,0.14050343249427918
BALDWIN PLACE,NY,249,165,31,53,84,0.3373493975903614
BALLSTON SPA,NY,118,86,0,32,32,0.2711864406779661
BALLWIN,MO,187,167,0,20,20,0.10695187165775401
BANTAM,CT,21,20,0,1,1,0.047619047619047616
BARDONIA,NY,36,36,0,0,0,0.0
BARKHAMSTED,CT,34,27,0,7,7,0.20588235294117646
BASTROP,TX,27,27,0,0,0,0.0
BAY SHORE,NY,1576,1287,8,281,289,0.1833756345177665
BAYPORT,NY,75,36,0,39,39,0.52
BAYSHORE,NY,263,219,0,44,44,0.16730038022813687
BAYSIDE,NY,6025,5626,1,398,399,0.0662240663900415
BAYSIDE HILLS,NY,328,309,0,19,19,0.057926829268292686
BAYVILLE,NY,64,59,0,5,5,0.078125
BEACON,NY,1386,915,78,393,471,0.3398268398268398
BEAVER,PA,9,5,0,4,4,0.4444444444444444
BEDFORD,NY,98,59,2,37,39,0.3979591836734694
BEDFORD,PA,243,200,0,43,43,0.17695473251028807
BEDFORD HILLS,NY,258,190,0,68,68,0.26356589147286824
BEECHHURST,NY,62,62,0,0,0,0.0
BELHAVEN,NC,2,2,0,0,0,0.0
BELLE HARBOR,NY,44,36,0,8,8,0.18181818181818182
BELLEROSE,NY,2340,2125,31,184,215,0.09188034188034189
BELLEVILLE,PA,265,218,0,47,47,0.17735849056603772
BELLMORE,NY,1311,1204,0,107,107,0.08161708619374523
BELLPORT,NY,31,26,0,5,5,0.16129032258064516
BELLROSE,NY,93,84,0,9,9,0.0967741935483871
BELLWOOD,PA,37,37,0,0,0,0.0
BENSALEM,PA,3587,3259,0,328,328,0.09144131586283803
BERLIN,CT,141,111,0,30,30,0.2127659574468085
BETHEL,CT,128,114,0,14,14,0.109375
BETHEL PARK,PA,117,70,0,47,47,0.4017094017094017
BETHLEHEM,CT,252,244,0,8,8,0.031746031746031744
BETHPAGE,NY,1885,1663,2,220,222,0.11777188328912466
BKLYN,NY,301,283,0,18,18,0.059800664451827246
BLANCO,TX,44,43,0,1,1,0.022727272727272728
BLAUVELT,NY,188,186,0,2,2,0.010638297872340425
BLOOMFIELD,CT,423,385,0,38,38,0.08983451536643026
BLOOMINGBURG,NY,276,241,18,17,35,0.12681159420289856
BOHEMIA,NY,308,244,1,63,64,0.2077922077922078
BOLTON,CT,35,34,0,1,1,0.02857142857142857
BOONTON,NJ,83,72,0,11,11,0.13253012048192772
BRADDOCK,PA,132,131,0,1,1,0.007575757575757576
BRANDYWINE,MD,16,0,0,16,16,1.0
BRANFORD,CT,321,308,0,13,13,0.040498442367601244
BREEZY POINT,NY,129,107,0,22,22,0.17054263565891473
BRENTWOOD,NY,1313,1221,0,92,92,0.07006854531607007
BRIARCLIFF MANN,NY,17,11,0,6,6,0.35294117647058826
BRIARCLIFF MANO,NY,60,56,0,4,4,0.06666666666666667
BRIARCLIFF MANOR,NY,498,440,0,58,58,0.11646586345381527
BRIARWOOD,NY,457,394,1,62,63,0.13785557986870897
BRIDGEPORT,CT,2673,2550,2,121,123,0.04601571268237935
BRIDGETON,MO,16,6,0,10,10,0.625
BRIDGEVILLE,PA,45,45,0,0,0,0.0
BRIORCLIFF MANN,NY,45,45,0,0,0,0.0
BRISTOL,CT,2532,2409,0,123,123,0.0485781990521327
BRISTOL,PA,315,289,0,26,26,0.08253968253968254
BROAD BROOK,CT,37,33,0,4,4,0.10810810810810811
BROKLYN,NY,62,61,0,1,1,0.016129032258064516
BRONX,NY,290863,259942,4057,26864,30921,0.10630778063899499
BRONXVILLE,NY,913,714,15,184,199,0.21796276013143484
BROOKHAVEN,NY,1,0,0,1,1,1.0
BROOKHAVEN,PA,121,112,0,9,9,0.0743801652892562
BROOKLY,NY,76,58,0,18,18,0.23684210526315788
BROOKLYN,CT,147,99,0,48,48,0.32653061224489793
BROOKLYN,NY,498213,459962,1878,36373,38251,0.07677639884948807
BROOKLYN,Ne,46,25,0,21,21,0.45652173913043476
BROOKLYN   APT  10 D,NY,62,62,0,0,0,0.0
BROOKLYN  Apt 4E,NY,42,41,0,1,1,0.023809523809523808
BROOKYN,NY,159,142,0,17,17,0.1069182389937107
BROOOKLYN,NY,62,62,0,0,0,0.0
BRYN MAWR,PA,248,245,0,3,3,0.012096774193548387
BUCHANAN,NY,33,19,0,14,14,0.42424242424242425
BUDA,TX,223,194,7,22,29,0.13004484304932734
BUENA VISTA,CO,4,4,0,0,0,0.0
BURLINGTON,CT,15,12,0,3,3,0.2
BURLINGTON,NC,45,45,0,0,0,0.0
BURNHAM,PA,222,162,0,60,60,0.2702702702702703
Babylon,NY,101,73,0,28,28,0.27722772277227725
Bagley,WI,12,12,0,0,0,0.0
Baldwin,NY,292,267,1,24,25,0.08561643835616438
Ballston Spa,NY,64,27,1,36,37,0.578125
Ballwin,MO,153,88,0,65,65,0.42483660130718953
Baraboo,WI,256,171,0,85,85,0.33203125
Bardonia,NY,210,170,0,40,40,0.19047619047619047
Barkhamsted,CT,2,0,0,2,2,1.0
Barneveld,WI,16,10,0,6,6,0.375
Bartlett,IL,2,2,0,0,0,0.0
Batavia,IL,1,0,0,1,1,1.0
Bay Shore,NY,430,404,0,26,26,0.06046511627906977
Bayonne,NJ,89,63,0,26,26,0.29213483146067415
Bayshore,NY,139,132,0,7,7,0.050359712230215826
Bayside,NY,528,507,0,21,21,0.03977272727272727
Bayville,NY,26,26,0,0,0,0.0
Beacon,NY,79,52,0,27,27,0.34177215189873417
Beardstown,IL,722,621,0,101,101,0.13988919667590027
Beaver Falls,PA,10,9,0,1,1,0.1
Bedford,OH,35,27,3,5,8,0.22857142857142856
Beechhurst,NY,9,0,0,9,9,1.0
Beetown,WI,5,1,0,4,4,0.8
Bellerose,NY,254,217,0,37,37,0.14566929133858267
Belleville,NJ,123,107,0,16,16,0.13008130081300814
Belleville,PA,1,0,0,1,1,1.0
Bellingham,MA,29,29,0,0,0,0.0
Bellmore,NY,186,186,0,0,0,0.0
Bellrose,NY,63,62,0,1,1,0.015873015873015872
Bellwood,IL,408,279,0,129,129,0.3161764705882353
Bellwood,PA,109,51,0,58,58,0.5321100917431193
Bensalem,PA,132,96,0,36,36,0.2727272727272727
Bensenville,IL,2,2,0,0,0,0.0
Benton,WI,25,22,0,3,3,0.12
Berkeley,IL,65,42,1,22,23,0.35384615384615387
Berlin,CT,40,2,0,38,38,0.95
Berlin,PA,9,9,0,0,0,0.0
Berlin,WI,1,1,0,0,0,0.0
Berwick,PA,2,0,0,2,2,1.0
Berwyn,IL,83,60,0,23,23,0.27710843373493976
Bethpage,NY,137,119,0,18,18,0.13138686131386862
Beverly,MA,1,1,0,0,0,0.0
Biddeford,ME,63,44,0,19,19,0.30158730158730157
Big Run,PA,47,26,0,21,21,0.44680851063829785
Bklyn,NY,255,225,0,30,30,0.11764705882352941
Black Jack,MO,27,27,0,0,0,0.0
Blackfoot,ID,4,4,0,0,0,0.0
Blairsville,PA,31,9,0,22,22,0.7096774193548387
Bloomfield,CT,65,65,0,0,0,0.0
Bloomfield,MO,2,2,0,0,0,0.0
Bloomfield,NJ,227,126,0,101,101,0.44493392070484583
Blossburg,PA,3,2,0,1,1,0.3333333333333333
Blue Island,IL,44,42,0,2,2,0.045454545454545456
Boise,ID,77,67,1,9,10,0.12987012987012986
Bolingbrook,IL,61,57,0,4,4,0.06557377049180328
Bonita Springs,FL,50,45,0,5,5,0.1
Booklyn,NY,62,62,0,0,0,0.0
Boonville,NC,48,46,0,2,2,0.041666666666666664
Boscobel,WI,148,137,0,11,11,0.07432432432432433
Boston,MA,593,454,2,137,139,0.23440134907251264
Boswell,PA,1,0,0,1,1,1.0
Boulder,CO,250,205,0,45,45,0.18
Boynton Beach,FL,67,51,1,15,16,0.23880597014925373
Braddock,PA,44,44,0,0,0,0.0
Bradford,PA,2,1,0,1,1,0.5
Branford,CT,122,59,0,63,63,0.5163934426229508
Breezy Point,NY,26,24,0,2,2,0.07692307692307693
Brentwood,NY,104,98,0,6,6,0.057692307692307696
Briarcliff Manor,NY,53,50,0,3,3,0.05660377358490566
Briarcliff Mnr,NY,62,62,0,0,0,0.0
Briarwood,NY,145,145,0,0,0,0.0
Bridgeport,CT,56,24,0,32,32,0.5714285714285714
Bridgeton,MO,3,3,0,0,0,0.0
Bridgton,ME,3,2,0,1,1,0.3333333333333333
Brighton,CO,181,181,0,0,0,0.0
Brighton,MA,154,121,0,33,33,0.21428571428571427
Bristol,CT,551,546,0,5,5,0.009074410163339383
Bristol,WI,1,1,0,0,0,0.0
Bristow,VA,104,104,0,0,0,0.0
Broad Brook,CT,19,19,0,0,0,0.0
Broad Channel,NY,169,162,0,7,7,0.04142011834319527
Broadview,IL,152,135,0,17,17,0.1118421052631579
Bronx,NY,65565,58898,1072,5595,6667,0.10168535041561809
Bronx,Ne,18,11,0,7,7,0.3888888888888889
Bronx NY 10463,NY,31,19,0,12,12,0.3870967741935484
Bronx Ny,NY,27,27,0,0,0,0.0
Bronxville,NY,108,83,20,5,25,0.23148148148148148
Brookfield,CT,8,5,0,3,3,0.375
Brookfield,Ct,37,18,0,19,19,0.5135135135135135
Brookfield,WI,1,0,0,1,1,1.0
Brookhaven,PA,12,6,0,6,6,0.5
Brooklyn,NY,84249,77686,320,6243,6563,0.07790003442177355
Brooklyn,Ne,21,4,0,17,17,0.8095238095238095
Brookyln,NY,27,27,0,0,0,0.0
Brookyn,NY,211,204,0,7,7,0.03317535545023697
Broomfield,CO,53,52,0,1,1,0.018867924528301886
Brunswick,ME,1,0,0,1,1,1.0
Buchanan,NY,34,28,0,6,6,0.17647058823529413
Buckeye,AZ,62,62,0,0,0,0.0
Buena Vista,CO,25,24,0,1,1,0.04
Buffalo,NY,125,0,125,0,125,1.0
Burlington,NC,507,438,69,0,69,0.13609467455621302
Burnham,PA,6,4,0,2,2,0.3333333333333333
Buxton,ME,7,6,0,1,1,0.14285714285714285
Bx,NY,98,96,1,1,2,0.02040816326530612
Byers,CO,56,56,0,0,0,0.0
CAIRNBROOK,PA,110,97,0,13,13,0.11818181818181818
CAMBRIA HEIGHT,NY,20,20,0,0,0,0.0
CAMBRIA HEIGHTS,NY,3194,2850,9,335,344,0.10770194113963683
CAMBRIA HTS,NY,103,93,0,10,10,0.0970873786407767
CAMPBELL HALL,NY,100,100,0,0,0,0.0
CANAAN,CT,35,35,0,0,0,0.0
CANARSIE,NY,57,48,0,9,9,0.15789473684210525
CANON CITY,CO,41,40,0,1,1,0.024390243902439025
CANONSBURG,PA,80,80,0,0,0,0.0
CANTERBURY,CT,5,3,0,2,2,0.4
CANTON,CT,182,166,0,16,16,0.08791208791208792
CARLE PLACE,NY,160,144,0,16,16,0.1
CARMEL,NY,433,406,0,27,27,0.06235565819861432
CARNEGIE,PA,60,50,0,10,10,0.16666666666666666
CASTLETON ON HUDSON,NY,17,16,0,1,1,0.058823529411764705
CEDAR PARK,TX,43,21,0,22,22,0.5116279069767442
CEDARHURST,NY,333,304,0,29,29,0.08708708708708708
CENTEREACH,NY,396,378,0,18,18,0.045454545454545456
CENTRAL ISLIP,NY,712,623,2,87,89,0.125
CENTRAL VALLEY,NY,181,152,0,29,29,0.16022099447513813
CHALFONT,PA,469,453,0,16,16,0.03411513859275053
CHAPLIN,CT,94,85,0,9,9,0.09574468085106383
CHAPPAQUA,NY,236,164,4,68,72,0.3050847457627119
CHARLEROI,PA,54,54,0,0,0,0.0
CHARLOTTE,NC,31,30,0,1,1,0.03225806451612903
CHESHIRE,CT,206,188,0,18,18,0.08737864077669903
CHESTER,CT,371,315,0,56,56,0.1509433962264151
CHESTER,NY,99,87,0,12,12,0.12121212121212122
CHESTER,PA,1022,955,0,67,67,0.06555772994129158
CHESTERFIELD,MO,35,33,0,2,2,0.05714285714285714
CLAIRTON,PA,12,12,0,0,0,0.0
CLAYSBURG,PA,44,42,0,2,2,0.045454545454545456
CLAYTON,NC,2,2,0,0,0,0.0
CLIFTON HEIGHTS,PA,60,57,0,3,3,0.05
CLIFTON PARK,NY,287,196,3,88,91,0.3170731707317073
CLINTON,CT,26,26,0,0,0,0.0
CLINTON,MD,59,31,0,28,28,0.4745762711864407
COHOES,NY,701,530,0,171,171,0.24393723252496433
COLCHESTER,CT,497,455,0,42,42,0.08450704225352113
COLD SPRING HARBOR,NY,113,96,0,17,17,0.1504424778761062
COLLEGE POINT,NY,3581,3257,7,317,324,0.09047752024574142
COLLEGEPOINT,NY,64,63,0,1,1,0.015625
COLLINGDALE,PA,68,41,10,17,27,0.39705882352941174
COLLINSVILLE,CT,33,32,0,1,1,0.030303030303030304
COLONY,NY,62,47,0,15,15,0.24193548387096775
COLUMBIA,CT,54,52,0,2,2,0.037037037037037035
COMMACK,NY,177,171,0,6,6,0.03389830508474576
COMMODORE,PA,62,62,0,0,0,0.0
CONGERS,NY,659,589,0,70,70,0.1062215477996965
COPIAGUE,NY,251,212,0,39,39,0.1553784860557769
CORAM,NY,298,217,0,81,81,0.27181208053691275
CORAOPOLIS,PA,246,206,0,40,40,0.16260162601626016
CORINTH,NY,48,44,3,1,4,0.08333333333333333
CORNA,NY,2,0,0,2,2,1.0
CORNWALL,NY,247,197,5,45,50,0.20242914979757085
CORNWALL BRIDGE,CT,10,10,0,0,0,0.0
CORONA,NY,11599,10681,39,879,918,0.07914475385809122
CORONA-ELMHURST,NY,17,4,0,13,13,0.7647058823529411
CORTLAND MANOR,NY,36,24,0,12,12,0.3333333333333333
CORTLANDT MANOR,NY,742,630,1,111,112,0.1509433962264151
COTTONWOOD,AZ,1,1,0,0,0,0.0
COVENTRY,CT,142,132,0,10,10,0.07042253521126761
CRESSON,PA,129,123,0,6,6,0.046511627906976744
CROMPOND,NY,1,1,0,0,0,0.0
CROMWELL,CT,203,182,0,21,21,0.10344827586206896
CROSS RIVER,NY,1,0,0,1,1,1.0
CROTON ON HUDSO,NY,60,44,0,16,16,0.26666666666666666
CROTON ON HUDSON,NY,336,299,0,37,37,0.11011904761904762
CROTONONHUDSON,NY,30,0,20,10,30,1.0
CROYDON,PA,133,116,0,17,17,0.12781954887218044
CRUM LYNNE,PA,109,108,0,1,1,0.009174311926605505
CRYSTAL CITY,MO,1,1,0,0,0,0.0
CUDDEBACKVILLE,NY,208,140,0,68,68,0.3269230769230769
Cabool,MO,12,9,0,3,3,0.25
Cadillac,MI,5,5,0,0,0,0.0
Cadyville,NY,4,0,4,0,4,1.0
Caldwell,ID,48,47,0,1,1,0.020833333333333332
Caledonia,WI,1,1,0,0,0,0.0
Calhan,CO,8,8,0,0,0,0.0
Calumet City,IL,216,195,1,20,21,0.09722222222222222
Cambria Heights,NY,339,333,0,6,6,0.017699115044247787
Cambria Hts,NY,162,134,28,0,28,0.1728395061728395
Cambridge,MA,39,24,1,14,15,0.38461538461538464
Canon City,CO,143,131,0,12,12,0.08391608391608392
Canton,PA,3,0,0,3,3,1.0
Cape Elizabeth,ME,1,1,0,0,0,0.0
Cape Girardeau,MO,5,5,0,0,0,0.0
Carle Place,NY,62,62,0,0,0,0.0
Carrboro,NC,234,144,90,0,90,0.38461538461538464
Caruthersville,MO,1,1,0,0,0,0.0
Casco,ME,2,2,0,0,0,0.0
Cassville,WI,11,10,0,1,1,0.09090909090909091
Castleton On Hudson,NY,35,30,0,5,5,0.14285714285714285
Cataldo,ID,45,42,1,2,3,0.06666666666666667
Catasauqua,PA,62,62,0,0,0,0.0
Catawba,NC,1,0,0,1,1,1.0
Catskill,NY,14,0,14,0,14,1.0
Cazenovia,WI,4,3,0,1,1,0.25
Cedar Grove,NJ,48,41,0,7,7,0.14583333333333334
Cedarhurst,NY,149,143,0,6,6,0.040268456375838924
Centennial,CO,89,87,0,2,2,0.02247191011235955
Center Moriches,NY,44,40,1,3,4,0.09090909090909091
Central Islip,NY,421,336,44,41,85,0.20190023752969122
Centreville,VA,174,171,0,3,3,0.017241379310344827
Chambersburg,PA,20,14,0,6,6,0.3
Chandlerville,IL,58,52,0,6,6,0.10344827586206896
Chapel Hill,NC,357,314,43,0,43,0.12044817927170869
Chappaqua,NY,17,8,0,9,9,0.5294117647058824
Charleston,MO,7,7,0,0,0,0.0
Charlestown,MA,140,130,1,9,10,0.07142857142857142
Charlotte,NC,332,325,1,6,7,0.02108433734939759
Charlottesville,VA,62,62,0,0,0,0.0
Charlton,MA,42,30,0,12,12,0.2857142857142857
Chelsea,MA,29,24,0,5,5,0.1724137931034483
Cheshire,CT,423,383,0,40,40,0.09456264775413711
Chester,NY,43,0,43,0,43,1.0
Chester,PA,171,167,0,4,4,0.023391812865497075
Chesterfield,MO,573,565,0,8,8,0.013961605584642234
Chestnut Hill,MA,36,20,0,16,16,0.4444444444444444
Chestnut Ridge,NY,59,56,0,3,3,0.05084745762711865
Chicago,IL,13015,9803,51,3161,3212,0.24679216288897426
Chicago Heights,IL,121,86,0,35,35,0.2892561983471074
Chicopee,MA,537,373,0,164,164,0.3054003724394786
Chocowinity,NC,25,23,0,2,2,0.08
Cicero,IL,120,65,0,55,55,0.4583333333333333
Claremont,NC,36,10,0,26,26,0.7222222222222222
Clarendon,PA,7,4,1,2,3,0.42857142857142855
Clarion,PA,27,25,0,2,2,0.07407407407407407
Clarksville,IN,7,7,0,0,0,0.0
Clearfield,PA,206,157,0,49,49,0.23786407766990292
Cleveland,NY,4,0,4,0,4,1.0
Cleveland,OH,104,84,1,19,20,0.19230769230769232
Cliffside Park,NJ,45,45,0,0,0,0.0
Clifton,CO,58,51,0,7,7,0.1206896551724138
Clifton Heights,PA,93,87,0,6,6,0.06451612903225806
Clifton Park,NY,43,43,0,0,0,0.0
Clifton Spgs,NY,44,0,44,0,44,1.0
Clinton,CT,13,13,0,0,0,0.0
Clinton,MA,3,0,0,3,3,1.0
Clinton,NC,51,35,14,2,16,0.3137254901960784
Clinton Township,MI,5,4,0,1,1,0.2
Clymer,PA,9,9,0,0,0,0.0
Coal Creek,CO,1,0,0,1,1,1.0
Coalport,PA,10,2,0,8,8,0.8
Coatesville,PA,63,59,0,4,4,0.06349206349206349
Cobb,WI,62,62,0,0,0,0.0
Cohoes,NY,374,344,0,30,30,0.08021390374331551
Colebrook,CT,9,9,0,0,0,0.0
College Point,NY,723,673,13,37,50,0.06915629322268327
Collierville,TN,19,2,17,0,17,0.8947368421052632
Colorado Springs,CO,1318,1261,1,56,57,0.04324734446130501
Commack,NY,73,36,32,5,37,0.5068493150684932
Commerce City,CO,51,49,0,2,2,0.0392156862745098
Concord,NC,69,67,0,2,2,0.028985507246376812
Congers,NY,63,56,0,7,7,0.1111111111111111
Conover,NC,106,90,16,0,16,0.1509433962264151
Cooperstown,PA,4,4,0,0,0,0.0
Copake,NY,6,0,6,0,6,1.0
Copiague,NY,18,17,0,1,1,0.05555555555555555
Coplay,PA,124,124,0,0,0,0.0
Coram,NY,180,107,50,23,73,0.40555555555555556
Corinth,NY,31,22,0,9,9,0.2903225806451613
Cornish,ME,27,24,0,3,3,0.1111111111111111
Cornwall,NY,57,47,0,10,10,0.17543859649122806
Corona,NY,2283,2006,14,263,277,0.12133158125273763
Corry,PA,2,2,0,0,0,0.0
Cortland,NY,41,0,41,0,41,1.0
Cortlandt Manor,NY,24,23,0,1,1,0.041666666666666664
Cotopaxi,CO,3,3,0,0,0,0.0
Coudersport,PA,25,11,0,14,14,0.56
Country Club Hills,IL,10,8,0,2,2,0.2
Coventry,CT,4,0,0,4,4,1.0
Cranberry,PA,18,18,0,0,0,0.0
Cranford,NJ,254,191,0,63,63,0.24803149606299213
Crest Hill,IL,59,38,0,21,21,0.3559322033898305
Cromwell,CT,17,15,0,2,2,0.11764705882352941
Croton Hdsn,NY,54,0,54,0,54,1.0
Croton On Hudso,NY,44,42,0,2,2,0.045454545454545456
Croton On Hudson,NY,69,54,0,15,15,0.21739130434782608
Crown Point,IN,1,1,0,0,0,0.0
Crystal City,MO,1,1,0,0,0,0.0
Crystal Lake,IL,12,12,0,0,0,0.0
Cuba City,WI,72,72,0,0,0,0.0
Cudahy,WI,11,10,0,1,1,0.09090909090909091
Curwensville,PA,4,1,0,3,3,0.75
DALE,TX,37,27,0,10,10,0.2702702702702703
DANBURY,CT,236,233,0,3,3,0.012711864406779662
DANIELSON,CT,811,699,0,112,112,0.1381011097410604
DARBY,PA,590,561,3,26,29,0.04915254237288136
DARIEN,CT,53,53,0,0,0,0.0
DAWSON,PA,75,65,0,10,10,0.13333333333333333
DAYVILLE,CT,82,73,0,9,9,0.10975609756097561
DEEP RIVER,CT,207,205,0,2,2,0.00966183574879227
DEER PARK,NY,336,310,0,26,26,0.07738095238095238
DELANSON,NY,89,37,0,52,52,0.5842696629213483
DELMAR,NY,94,85,0,9,9,0.09574468085106383
DERBY,CT,38,36,0,2,2,0.05263157894736842
DIX Hill,NY,74,33,0,41,41,0.5540540540540541
DOBBS FERRY,NY,114,96,0,18,18,0.15789473684210525
DOUGLASTON,NY,224,161,0,63,63,0.28125
DRESHER,PA,44,43,0,1,1,0.022727272727272728
DREXEL HILL,PA,110,108,0,2,2,0.01818181818181818
DRIFTWOOD,TX,62,60,0,2,2,0.03225806451612903
DUANESBURG,NY,64,43,0,21,21,0.328125
DUNCANSVILLE,PA,52,46,0,6,6,0.11538461538461539
DUQUESNE,PA,221,188,0,33,33,0.1493212669683258
DURHAM,CT,27,18,0,9,9,0.3333333333333333
DURHAM,NC,1,1,0,0,0,0.0
Danbury,CT,163,100,0,63,63,0.38650306748466257
Darby,PA,62,62,0,0,0,0.0
Darien,CT,16,16,0,0,0,0.0
Darien,IL,2,2,0,0,0,0.0
Darlington,WI,25,21,0,4,4,0.16
De Soto,MO,28,23,0,5,5,0.17857142857142858
Deer Park,NY,13,8,0,5,5,0.38461538461538464
Delmar,NY,109,101,4,4,8,0.07339449541284404
Delta,CO,4,4,0,0,0,0.0
Denver,CO,2823,2728,0,95,95,0.03365214311016649
Derby,CT,24,17,0,7,7,0.2916666666666667
Derby,NY,42,0,42,0,42,1.0
Des Plaines,IL,169,158,0,11,11,0.0650887573964497
Dexter,MO,7,7,0,0,0,0.0
Dickeyville,WI,5,5,0,0,0,0.0
Dix Hills,NY,550,530,2,18,20,0.03636363636363636
Dobbs Ferry,NY,213,196,0,17,17,0.07981220657276995
Dobson,NC,16,14,0,2,2,0.125
Dodgeville,WI,68,56,0,12,12,0.17647058823529413
Dolton,IL,158,145,0,13,13,0.08227848101265822
Dorchester,MA,1474,1031,29,414,443,0.3005427408412483
Dorchester Center,MA,1351,985,4,362,366,0.27091043671354553
Douglaston,NY,396,335,0,61,61,0.15404040404040403
Downers Grove,IL,4,4,0,0,0,0.0
Downingtown,PA,53,53,0,0,0,0.0
Drexel Hill,PA,114,112,0,2,2,0.017543859649122806
Du Bois,PA,25,10,0,15,15,0.6
DuBois,PA,3,0,0,3,3,1.0
Dudley,MA,45,44,0,1,1,0.022222222222222223
Dudley,PA,2,0,0,2,2,1.0
Dundee,IL,20,20,0,0,0,0.0
Durham,CT,8,5,0,3,3,0.375
Durham,NC,106,97,0,9,9,0.08490566037735849
E Elmhurst,NY,63,63,0,0,0,0.0
E Northport,NY,4,0,4,0,4,1.0
E-PATCHOGUE,NY,9,9,0,0,0,0.0
E. ELMHURST,NY,45,45,0,0,0,0.0
E. PATCHOGUE,NY,76,62,0,14,14,0.18421052631578946
EAST ATLANTIC BEACH,NY,75,26,1,48,49,0.6533333333333333
EAST ELMHURST,NY,7341,6725,29,587,616,0.08391227353221632
EAST GRANBY,CT,75,72,0,3,3,0.04
EAST GREENBUSH,NY,80,72,0,8,8,0.1
EAST HADDAM,CT,10,9,0,1,1,0.1
EAST HAMPTON,CT,1,1,0,0,0,0.0
EAST HARTFORD,CT,438,366,1,71,72,0.1643835616438356
EAST HAVEN,CT,485,436,0,49,49,0.10103092783505155
EAST ISLIP,NY,297,249,1,47,48,0.16161616161616163
EAST MEADOW,NY,2690,2426,3,261,264,0.09814126394052045
EAST MEDOW,NY,62,36,0,26,26,0.41935483870967744
EAST MORICHES,NY,71,59,0,12,12,0.16901408450704225
EAST NORTHPORT,NY,90,86,0,4,4,0.044444444444444446
EAST NORWICH,NY,86,80,0,6,6,0.06976744186046512
EAST PATCHOGUE,NY,109,103,0,6,6,0.05504587155963303
EAST PITTSBURGH,PA,99,99,0,0,0,0.0
EAST ROCKAWAY,NY,521,458,1,62,63,0.12092130518234165
EAST SETAUKET,NY,98,80,0,18,18,0.1836734693877551
EAST WINDSOR,CT,107,73,0,34,34,0.3177570093457944
EASTCHESTER,NY,212,173,0,39,39,0.18396226415094338
EASTFORD,CT,100,99,0,1,1,0.01
EASTPORT,NY,37,36,0,1,1,0.02702702702702703
EBENSBURG,PA,9,8,0,1,1,0.1111111111111111
ELIZABETH,PA,45,45,0,0,0,0.0
ELIZABETH (TOWNSHIP),PA,42,42,0,0,0,0.0
ELLENVILLE,NY,548,473,0,75,75,0.13686131386861314
ELLINGTON,CT,164,159,0,5,5,0.03048780487804878
ELMHURST,NY,9697,9255,9,433,442,0.04558110755903888
ELMONT,NY,3832,3553,3,276,279,0.07280793319415449
ELMSFORD,NY,310,286,10,14,24,0.07741935483870968
ELMUST,NY,36,33,0,3,3,0.08333333333333333
ELMWOOD PARK,NJ,10,7,0,3,3,0.3
ELSBERRY,MO,62,62,0,0,0,0.0
ENFIELD,CT,1518,1367,0,151,151,0.09947299077733861
EUREKA,MO,16,0,0,16,16,1.0
EVERETT,PA,362,292,0,70,70,0.19337016574585636
Eads,CO,2,2,0,0,0,0.0
Eagle,ID,31,30,0,1,1,0.03225806451612903
Eagle Bridge,NY,45,45,0,0,0,0.0
East Bend,NC,34,33,0,1,1,0.029411764705882353
East Boston,MA,9,5,1,3,4,0.4444444444444444
East Brookfield,MA,8,3,0,5,5,0.625
East Chicago,IN,17,16,0,1,1,0.058823529411764705
East Elmhurst,NY,1044,968,1,75,76,0.07279693486590039
East Flat Rock,NC,9,9,0,0,0,0.0
East Freetown,MA,5,0,0,5,5,1.0
East Greenbush,NY,53,46,0,7,7,0.1320754716981132
East Haddam,CT,3,1,0,2,2,0.6666666666666666
East Hampton,CT,14,14,0,0,0,0.0
East Hartford,CT,18,12,0,6,6,0.3333333333333333
East Hartland,CT,1,1,0,0,0,0.0
East Haven,CT,106,102,0,4,4,0.03773584905660377
East Lyme,CT,15,13,0,2,2,0.13333333333333333
East Meadow,NY,455,358,0,97,97,0.21318681318681318
East Northport,NY,36,35,0,1,1,0.027777777777777776
East Orange,NJ,484,327,0,157,157,0.3243801652892562
East Prairie,MO,45,45,0,0,0,0.0
East Rockaway,NY,62,62,0,0,0,0.0
East Waterboro,ME,7,3,2,2,4,0.5714285714285714
East Weymouth,MA,178,153,0,25,25,0.1404494382022472
Easthampton,MA,50,33,0,17,17,0.34
Eastman,WI,2,2,0,0,0,0.0
Eaton,CO,20,20,0,0,0,0.0
Edison,NJ,45,41,0,4,4,0.08888888888888889
Elbridge,NY,52,0,52,0,52,1.0
Elgin,IL,249,209,0,40,40,0.1606425702811245
Elhurst,NY,62,62,0,0,0,0.0
Elizabeth,NJ,1101,861,0,240,240,0.21798365122615804
Elizabethport,NJ,127,85,0,42,42,0.33070866141732286
Elkin,NC,213,210,0,3,3,0.014084507042253521
Elkland,PA,53,51,0,2,2,0.03773584905660377
Ellenville,NY,171,143,0,28,28,0.16374269005847952
Ellerbe,NC,2,2,0,0,0,0.0
Ellington,CT,2,2,0,0,0,0.0
Elmhurst,NY,2742,2514,9,219,228,0.08315098468271334
Elmira,NY,38,0,38,0,38,1.0
Elmont,NY,470,460,1,9,10,0.02127659574468085
Elmsford,NY,125,85,0,40,40,0.32
Elmwood Park,IL,173,157,0,16,16,0.09248554913294797
Elon,NC,45,45,0,0,0,0.0
Emmett,ID,45,45,0,0,0,0.0
Enfield,CT,28,15,0,13,13,0.4642857142857143
Englewood,CO,125,124,0,1,1,0.008
Erie,CO,1,1,0,0,0,0.0
Erie,PA,36,19,0,17,17,0.4722222222222222
Evans,CO,16,14,0,2,2,0.125
Evanston,IL,23,22,0,1,1,0.043478260869565216
Everett,MA,5,0,0,5,5,1.0
Everett,PA,1,1,0,0,0,0.0
Evergreen Park,IL,197,150,0,47,47,0.23857868020304568
FAIR LAWN,NJ,28,24,0,4,4,0.14285714285714285
FAIRFIELD,CT,943,739,0,204,204,0.2163308589607635
FAIRFIELD,NJ,29,18,0,11,11,0.3793103448275862
FAIRHOPE,PA,7,7,0,0,0,0.0
FAIRLESS HILLS,PA,444,432,0,12,12,0.02702702702702703
FAR ROCKAWAY,NY,14775,13090,89,1596,1685,0.11404399323181048
FAR ROCKWAY,NY,5,1,0,4,4,0.8
FARMINGDALE,NY,1856,1493,6,357,363,0.19558189655172414
FARMINGTON,CT,396,364,0,32,32,0.08080808080808081
FARMINGVILLE,NY,27,23,1,3,4,0.14814814814814814
FEASTERVILLE TRE,PA,744,714,22,8,30,0.04032258064516129
FEASTERVILLE TREVOSE,PA,540,527,0,13,13,0.024074074074074074
FENTON,MO,1,1,0,0,0,0.0
FERNDALE,NY,37,17,0,20,20,0.5405405405405406
FISHKILL,NY,521,437,2,82,84,0.16122840690978887
FLORAL PARK,NY,2475,2243,1,231,232,0.09373737373737374
FLORENCE,CO,22,13,0,9,9,0.4090909090909091
FLORISSANT,MO,760,656,0,104,104,0.1368421052631579
FLUSHING,NY,52359,49669,83,2607,2690,0.0513760767012357
FOLCROFT,PA,124,124,0,0,0,0.0
FOREST HILLS,NY,8953,8338,13,602,615,0.06869205852786775
FORESTBURGH,NY,36,29,0,7,7,0.19444444444444445
FORT HUNTER,NY,36,36,0,0,0,0.0
FORT LEE,NJ,29,13,0,16,16,0.5517241379310345
FORT WASHINGTON,MD,66,39,0,27,27,0.4090909090909091
FRANKLIN LAKES,NJ,148,104,0,44,44,0.2972972972972973
FRANKLIN SQ,NY,39,25,0,14,14,0.358974358974359
FRANKLIN SQUARE,NY,1247,1106,1,140,141,0.11307137129109864
FREDERICKSBURG,TX,58,58,0,0,0,0.0
FREEPORT,NY,2773,2461,2,310,312,0.11251352326000721
FRESH MEADOWS,NY,7823,7364,11,448,459,0.05867314329541097
FRESH MEDOWS,NY,57,49,0,8,8,0.14035087719298245
Fairfield,CT,36,27,0,9,9,0.25
Fairhaven,MA,36,26,0,10,10,0.2777777777777778
Fairland,IN,15,3,0,12,12,0.8
Fairless Hills,PA,82,82,0,0,0,0.0
Fairmount City,PA,1,1,0,0,0,0.0
Fairview,NJ,64,29,0,35,35,0.546875
Falkland,NC,24,19,0,5,5,0.20833333333333334
Fall River,MA,545,343,9,193,202,0.3706422018348624
Falmouth,ME,20,19,0,1,1,0.05
Far Rockaway,NY,2044,1794,6,244,250,0.1223091976516634
Farmingdale,NY,40,38,0,2,2,0.05
Farmington,CT,31,26,0,5,5,0.16129032258064516
Farrell,PA,12,7,0,5,5,0.4166666666666667
Fayetteville,NC,2,2,0,0,0,0.0
Fayetteville,NY,32,0,32,0,32,1.0
Fayetteville,PA,5,3,0,2,2,0.4
Federal Heights,CO,2,1,0,1,1,0.5
Fenton,MO,9,8,0,1,1,0.1111111111111111
Festus,MO,45,42,0,3,3,0.06666666666666667
Filer,ID,4,1,0,3,3,0.75
Firestone,CO,2,2,0,0,0,0.0
Fishertown,PA,1,1,0,0,0,0.0
Fishkill,NY,74,69,1,4,5,0.06756756756756757
Fisk,MO,14,14,0,0,0,0.0
Fiskdale,MA,35,21,0,14,14,0.4
Fitchburg,MA,105,77,0,28,28,0.26666666666666666
Fletcher,NC,27,27,0,0,0,0.0
Floral Park,NY,571,527,0,44,44,0.07705779334500876
Florence,CO,43,32,0,11,11,0.2558139534883721
Florence,MA,57,50,0,7,7,0.12280701754385964
Florissant,MO,66,66,0,0,0,0.0
Flushing,MI,85,76,1,8,9,0.10588235294117647
Flushing,NY,10539,9871,10,658,668,0.06338362273460481
Forest Hills,NY,2041,1788,76,177,253,0.12395884370406664
Forest Park,IL,141,115,0,26,26,0.18439716312056736
Forest hills,NY,168,166,0,2,2,0.011904761904761904
Fort Collins,CO,18,18,0,0,0,0.0
Fort Edward,NY,35,0,35,0,35,1.0
Fort Lee,NJ,208,180,0,28,28,0.1346153846153846
Fort Loudon,PA,1,0,0,1,1,1.0
Fort Lupton,CO,41,33,0,8,8,0.1951219512195122
Fort Myers,FL,206,170,0,36,36,0.17475728155339806
Fort Plain,NY,15,14,0,1,1,0.06666666666666667
Fort Wayne,IN,34,21,0,13,13,0.38235294117647056
Fountain,CO,102,101,0,1,1,0.00980392156862745
Fowler,CO,8,8,0,0,0,0.0
Fox Point,WI,8,7,0,1,1,0.125
Frankfort,IL,6,6,0,0,0,0.0
Franklin,MA,4,3,0,1,1,0.25
Franklin,PA,29,26,0,3,3,0.10344827586206896
Franklin,WI,7,7,0,0,0,0.0
Franklin Square,NY,452,389,2,61,63,0.13938053097345132
Fredericksburg,VA,890,884,0,6,6,0.006741573033707865
Freeport,ME,1,0,1,0,1,1.0
Freeport,NY,767,676,28,63,91,0.11864406779661017
Fresh Meadow,NY,1,1,0,0,0,0.0
Fresh Meadows,NY,766,671,0,95,95,0.12402088772845953
Friedens,PA,4,4,0,0,0,0.0
Fruita,CO,11,11,0,0,0,0.0
Fryburg,PA,1,1,0,0,0,0.0
Ft  Lupton,CO,11,11,0,0,0,0.0
Fulton,NY,40,0,40,0,40,1.0
GALLITZIN,PA,22,19,0,3,3,0.13636363636363635
GANSEVOORT,NY,9,0,0,9,9,1.0
GARDEN CITY,NY,1359,1260,3,96,99,0.0728476821192053
GARDEN CITY PARK,NY,168,166,0,2,2,0.011904761904761904
GARDEN CITY PK,NY,63,57,0,6,6,0.09523809523809523
GARDEN CITY S,NY,44,42,0,2,2,0.045454545454545456
GARDEN CITY South,NY,27,27,0,0,0,0.0
GARFIELD,NJ,37,37,0,0,0,0.0
GARNERVILLE,NY,374,365,0,9,9,0.02406417112299465
GARNET VALLEY,PA,186,186,0,0,0,0.0
GLASSPORT,PA,114,114,0,0,0,0.0
GLASTONBURY,CT,422,331,0,91,91,0.2156398104265403
GLEN COVE,NY,1328,976,53,299,352,0.26506024096385544
GLEN OAKS,NY,1629,1452,8,169,177,0.10865561694290976
GLEN ROCK,NJ,3,0,0,3,3,1.0
GLENDALE,NY,1257,1141,5,111,116,0.09228321400159109
GLENMONT,NY,73,67,2,4,6,0.0821917808219178
GLENN COVE,NY,58,54,0,4,4,0.06896551724137931
GLENN DALE,MD,12,4,0,8,8,0.6666666666666666
GLENOLDEN,PA,284,274,0,10,10,0.035211267605633804
GLENSHAW,PA,110,108,0,2,2,0.01818181818181818
GLENSIDE,PA,63,47,0,16,16,0.25396825396825395
GLENVILLE,NY,45,43,0,2,2,0.044444444444444446
GONZALES,TX,35,32,0,3,3,0.08571428571428572
GOSHEN,CT,119,107,0,12,12,0.10084033613445378
GOSHEN,NY,209,143,14,52,66,0.3157894736842105
GRAND VIEW ON HUDSON,NY,51,37,0,14,14,0.27450980392156865
GRANVILLE,PA,62,62,0,0,0,0.0
GRASSFLAT,PA,62,62,0,0,0,0.0
GREAT NECK,NY,2203,1922,1,280,281,0.12755333635950977
GREAT NECK PLAZA,NY,8,0,0,8,8,1.0
GREEN ISLAND,NY,77,61,0,16,16,0.2077922077922078
GREENLAWN,NY,213,205,1,7,8,0.03755868544600939
GREENSBORO,NC,1,1,0,0,0,0.0
GREENSBURG,PA,178,172,0,6,6,0.033707865168539325
GREENVALE,NY,17,3,10,4,14,0.8235294117647058
GREENVILLE,NC,49,48,0,1,1,0.02040816326530612
GREENWICH,CT,5,5,0,0,0,0.0
GREENWOOD LAKE,NY,61,59,0,2,2,0.03278688524590164
GRIFTON,NC,2,2,0,0,0,0.0
GROTON,CT,1506,1187,0,319,319,0.21181938911022577
GROVER,MO,43,10,0,33,33,0.7674418604651163
GUILDERLAND,NY,29,26,0,3,3,0.10344827586206896
GUILFORD,CT,177,117,18,42,60,0.3389830508474576
Gaines,PA,1,1,0,0,0,0.0
Galeton,PA,48,41,0,7,7,0.14583333333333334
Gallitzin,PA,1,1,0,0,0,0.0
Garden City,ID,10,9,0,1,1,0.1
Garden City,NY,423,394,0,29,29,0.06855791962174941
Garfield,NJ,45,43,0,2,2,0.044444444444444446
Garfield Heights,OH,2,1,0,1,1,0.5
Garner,NC,3,3,0,0,0,0.0
Garnerville,NY,1,0,0,1,1,1.0
Garwood,NJ,32,20,0,12,12,0.375
Gary,IN,72,72,0,0,0,0.0
Gays Mills,WI,147,144,0,3,3,0.02040816326530612
Germantown,WI,40,40,0,0,0,0.0
Gibsonville,NC,45,45,0,0,0,0.0
Glastonbury,CT,4,4,0,0,0,0.0
Glen Cove,NY,335,253,31,51,82,0.24477611940298508
Glen Haven,WI,1,1,0,0,0,0.0
Glen Head,NY,41,40,0,1,1,0.024390243902439025
Glen Oaks,NY,74,72,1,1,2,0.02702702702702703
Glen Richey,PA,6,4,0,2,2,0.3333333333333333
Glendale,NY,488,435,2,51,53,0.10860655737704918
Glenmont,NY,90,88,0,2,2,0.022222222222222223
Glenview,IL,11,10,0,1,1,0.09090909090909091
Glenville,NY,57,49,1,7,8,0.14035087719298245
Glenwood,IL,66,45,0,21,21,0.3181818181818182
Gloversville,NY,13,1,0,12,12,0.9230769230769231
Golden,CO,31,31,0,0,0,0.0
Gorham,ME,39,34,1,4,5,0.1282051282051282
Goshen,CT,52,45,0,7,7,0.1346153846153846
Goshen,NY,47,45,0,2,2,0.0425531914893617
Graham,NC,464,464,0,0,0,0.0
Granby,CT,29,27,0,2,2,0.06896551724137931
Grand Island,NY,6,0,6,0,6,1.0
Grand Junction,CO,354,327,0,27,27,0.07627118644067797
Grand Valley,PA,1,1,0,0,0,0.0
Granville,PA,3,2,0,1,1,0.3333333333333333
Great Barrington,MA,15,0,3,12,15,1.0
Great Neck,NY,424,366,1,57,58,0.13679245283018868
Greeley,CO,287,266,0,21,21,0.07317073170731707
Green Island,NY,103,97,0,6,6,0.05825242718446602
Greenfld Ctr,NY,30,0,30,0,30,1.0
Greenlawn,NY,12,9,0,3,3,0.25
Greensboro,NC,126,126,0,0,0,0.0
Greensburg,IN,22,15,0,7,7,0.3181818181818182
Greensburg,PA,54,53,0,1,1,0.018518518518518517
Greenville,MO,3,3,0,0,0,0.0
Greenville,NC,803,771,0,32,32,0.039850560398505604
Greenville,PA,4,4,0,0,0,0.0
Griffith,IN,16,16,0,0,0,0.0
Grifton,NC,10,10,0,0,0,0.0
Groton,CT,10,10,0,0,0,0.0
Groton,MA,2,1,0,1,1,0.5
Groton,NY,6,0,6,0,6,1.0
Guilderland,NY,12,5,2,5,7,0.5833333333333334
Guilford,CT,3,3,0,0,0,0.0
HADDAM,CT,1,1,0,0,0,0.0
HALEDON,NJ,104,62,0,42,42,0.40384615384615385
HALFMOON,NY,89,79,0,10,10,0.11235955056179775
HAMDEN,CT,687,623,1,63,64,0.09315866084425037
HAMILTON GRANGE,NY,16,15,0,1,1,0.0625
HARLEYSVILLE,PA,291,287,0,4,4,0.013745704467353952
HARRIMAN,NY,28,21,0,7,7,0.25
HARRINGTON PARK,NJ,61,55,0,6,6,0.09836065573770492
HARRISON,NY,368,332,0,36,36,0.09782608695652174
HARTFORD,CT,1174,1042,2,130,132,0.11243611584327087
HARTMAN,CO,1,1,0,0,0,0.0
HARTSDALE,NY,775,704,0,71,71,0.09161290322580645
HARWINTON,CT,82,81,0,1,1,0.012195121951219513
HASTINGS ON HUDSON,NY,165,141,0,24,24,0.14545454545454545
HASTINGS-ON-HUDSON,NY,60,59,0,1,1,0.016666666666666666
HATBORO,PA,54,54,0,0,0,0.0
HATFIELD,PA,2435,2289,0,146,146,0.05995893223819302
HAUPPAUGE,NY,132,128,0,4,4,0.030303030303030304
HAVERSTRAW,NY,549,366,35,148,183,0.3333333333333333
HAVERTOWN,PA,204,204,0,0,0,0.0
HAWORTH,NJ,4,1,0,3,3,0.75
HAWTHORNE,NJ,3,3,0,0,0,0.0
HAWTHORNE,NY,69,30,0,39,39,0.5652173913043478
HAZELWOOD,MO,192,140,2,50,52,0.2708333333333333
HEMPSTEAD,NY,4699,4117,14,568,582,0.1238561396041711
HERMINIE,PA,28,23,0,5,5,0.17857142857142858
HEWLETT,NY,340,328,0,12,12,0.03529411764705882
HICKSVILLE,NY,2140,1986,1,153,154,0.07196261682242991
HIGGANUM,CT,45,43,0,2,2,0.044444444444444446
HIGHLAND,NY,131,121,0,10,10,0.07633587786259542
HIGHLAND FALLS,NY,184,145,0,39,39,0.21195652173913043
HIGHLAND MILLS,NY,338,288,5,45,50,0.14792899408284024
HIGHTSTOWN,NJ,1,1,0,0,0,0.0
HILLER,PA,45,45,0,0,0,0.0
HO HO KUS,NJ,25,12,0,13,13,0.52
HOLBROOK,NY,457,437,0,20,20,0.0437636761487965
HOLLIDAYSBURG,PA,167,155,0,12,12,0.0718562874251497
HOLLIS,NY,3777,3472,0,305,305,0.08075191951284087
HOLLIS HILLS,NY,62,62,0,0,0,0.0
HOLTSVILLE,NY,158,151,0,7,7,0.04430379746835443
HOLYOKE,MA,13,2,0,11,11,0.8461538461538461
HOMESTEAD,PA,265,256,0,9,9,0.033962264150943396
HOOVERSVILLE,PA,63,63,0,0,0,0.0
HOPEWELL,PA,117,113,0,4,4,0.03418803418803419
HOPEWELL JUNCT,NY,73,46,1,26,27,0.3698630136986301
HOPEWELL JUNCTION,NY,650,578,5,67,72,0.11076923076923077
HOWARD BEACH,NY,4469,4169,5,295,300,0.06712911165808906
HUDSON FALLS,NY,62,62,0,0,0,0.0
HUGENOT,NY,40,27,0,13,13,0.325
HUNTINGDON VALLE,PA,582,513,20,49,69,0.11855670103092783
HUNTINGDON VALLEY,PA,250,248,0,2,2,0.008
HUNTINGTON,NY,352,253,5,94,99,0.28125
HUNTINGTON STA,NY,18,17,0,1,1,0.05555555555555555
HUNTINGTON STATION,NY,166,123,2,41,43,0.25903614457831325
HURLEYVILLE,NY,65,43,0,22,22,0.3384615384615385
HYATTSVILLE,MD,30,24,0,6,6,0.2
HYDE PARK,NY,403,261,13,129,142,0.3523573200992556
HYNDMAN,PA,62,62,0,0,0,0.0
Hales Corners,WI,1,1,0,0,0,0.0
Hamden,CT,176,166,0,10,10,0.056818181818181816
Hamlet,NC,21,21,0,0,0,0.0
Hampton,CT,1,1,0,0,0,0.0
Hamptonville,NC,10,10,0,0,0,0.0
Harriman,NY,125,112,0,13,13,0.104
Harrison,NY,63,63,0,0,0,0.0
Harrison Valley,PA,4,3,0,1,1,0.25
Harrisonville,PA,3,0,0,3,3,1.0
Hartford,CT,127,98,0,29,29,0.2283464566929134
Hartford,WI,41,41,0,0,0,0.0
Hartsdale,NY,102,74,0,28,28,0.27450980392156865
Harvey,IL,103,83,0,20,20,0.1941747572815534
Harwinton,CT,5,5,0,0,0,0.0
Harwood Heights,IL,5,0,0,5,5,1.0
Hastings On Hudson,NY,115,73,0,42,42,0.3652173913043478
Hauppauge,NY,81,79,0,2,2,0.024691358024691357
Haverstraw,NY,138,124,0,14,14,0.10144927536231885
Haw River,NC,63,63,0,0,0,0.0
Hawk Run,PA,9,3,0,6,6,0.6666666666666666
Hazel Crest,IL,19,19,0,0,0,0.0
Hebron,CT,2,2,0,0,0,0.0
Hempstead,NY,938,821,10,107,117,0.12473347547974413
Hendersonville,NC,63,63,0,0,0,0.0
Henrietta,NY,22,0,22,0,22,1.0
Hermitage,PA,46,45,0,1,1,0.021739130434782608
Herndon,VA,74,74,0,0,0,0.0
Hewlett,NY,292,289,0,3,3,0.010273972602739725
Hewlett Harbor,NY,107,99,0,8,8,0.07476635514018691
Hickory,NC,453,343,97,13,110,0.24282560706401765
Hickory Hills,IL,1,1,0,0,0,0.0
Hicksville,NY,327,268,1,58,59,0.18042813455657492
High Point,NC,73,10,63,0,63,0.863013698630137
Highland Mills,NY,29,17,12,0,12,0.41379310344827586
Hillsboro,MO,15,13,0,2,2,0.13333333333333333
Hillsboro,WI,48,46,0,2,2,0.041666666666666664
Hillsborough,NC,321,279,42,0,42,0.1308411214953271
Hillside,IL,206,194,0,12,12,0.05825242718446602
Hillside,NJ,85,52,0,33,33,0.38823529411764707
Hines,IL,22,7,0,15,15,0.6818181818181818
Hobart,IN,4,4,0,0,0,0.0
Hoboken,NJ,51,49,0,2,2,0.0392156862745098
Hoffman Estates,IL,6,6,0,0,0,0.0
Holbrook,NY,140,132,0,8,8,0.05714285714285714
Holden,MA,2,0,0,2,2,1.0
Hollidaysburg,PA,1,1,0,0,0,0.0
Hollis,NY,528,484,0,44,44,0.08333333333333333
Hollis Hills,NY,1,1,0,0,0,0.0
Holly,CO,11,11,0,0,0,0.0
Holtsville,NY,126,126,0,0,0,0.0
Holyoke,MA,325,255,0,70,70,0.2153846153846154
Home,PA,9,9,0,0,0,0.0
Homer City,PA,3,2,0,1,1,0.3333333333333333
Homer Glen,IL,5,5,0,0,0,0.0
Homewood,IL,27,18,8,1,9,0.3333333333333333
Hopewell Jct,NY,30,29,0,1,1,0.03333333333333333
Hopewell Junction,NY,32,28,0,4,4,0.125
Hopkins Park,IL,22,18,0,4,4,0.18181818181818182
Hopkinton,MA,1,1,0,0,0,0.0
House Springs,MO,18,15,0,3,3,0.16666666666666666
Houtzdale,PA,3,3,0,0,0,0.0
Howard  Beach,NY,65,62,0,3,3,0.046153846153846156
Howard Beach,NY,675,590,0,85,85,0.1259259259259259
Howell,MI,195,184,2,9,11,0.05641025641025641
Hudson Falls,NY,59,57,0,2,2,0.03389830508474576
Huntersville,NC,35,35,0,0,0,0.0
Huntingdon,PA,10,8,0,2,2,0.2
Huntingtn Sta,NY,8,0,8,0,8,1.0
Huntington Station,NY,26,23,0,3,3,0.11538461538461539
Huntley,IL,9,9,0,0,0,0.0
Hurdle Mills,NC,45,45,0,0,0,0.0
Hurleyville,NY,4,0,4,0,4,1.0
Hustontown,PA,4,0,0,4,4,1.0
Hyde Park,MA,2930,2211,14,705,719,0.2453924914675768
Hyde Park,NY,9,6,0,3,3,0.3333333333333333
IMPERIAL,MO,22,0,0,22,22,1.0
INWOOD,NY,544,470,0,74,74,0.13602941176470587
IRVINGTON,NY,179,156,0,23,23,0.12849162011173185
ISLAND PARK,NY,151,143,0,8,8,0.052980132450331126
ISLIP,NY,431,409,1,21,22,0.05104408352668213
ISLIP TERRACE,NY,128,121,0,7,7,0.0546875
IVORYTON,CT,35,33,0,2,2,0.05714285714285714
Idaho Falls,ID,73,73,0,0,0,0.0
Immokalee,FL,423,331,0,92,92,0.21749408983451538
Imperial,MO,1,0,0,1,1,1.0
Indian Orchard,MA,13,9,0,4,4,0.3076923076923077
Indiana,PA,448,378,0,70,70,0.15625
Inwood,NY,154,138,0,16,16,0.1038961038961039
Irving,NY,66,1,65,0,65,0.9848484848484849
Irvona,PA,11,1,0,10,10,0.9090909090909091
Irwin,PA,10,0,0,10,10,1.0
Island Park,NY,83,63,0,20,20,0.24096385542168675
Islip,NY,4,0,4,0,4,1.0
Islip Terrace,NY,98,59,0,39,39,0.3979591836734694
JACKSON HEIGHTS,NY,5521,5045,12,464,476,0.08621626516935338
JACKSON HGTS,NY,48,31,0,17,17,0.3541666666666667
JACKSON HTS,NY,56,56,0,0,0,0.0
JAMAICA,NY,36648,33372,115,3161,3276,0.0893909626719057
JAMAICA QUEENS,NY,107,107,0,0,0,0.0
JAMAICA. Inter-0160. Section A.,NY,62,60,0,2,2,0.03225806451612903
JAMICA,NY,48,48,0,0,0,0.0
JERICHO,NY,337,277,0,60,60,0.17804154302670624
JERSEY CITY,NJ,49,46,0,3,3,0.061224489795918366
JOHNSTOWN,PA,823,764,0,59,59,0.07168894289185905
Jackson,WI,1,1,0,0,0,0.0
Jackson Height,NY,60,60,0,0,0,0.0
Jackson Heights,NY,1210,1114,0,96,96,0.07933884297520662
Jackson Hts,NY,117,116,0,1,1,0.008547008547008548
Jacksonville,FL,12,0,1,11,12,1.0
Jamaica,NY,5517,4804,154,559,713,0.12923690411455502
Jamaica Plain,MA,822,504,47,271,318,0.38686131386861317
Jersey City,NJ,106,102,0,4,4,0.03773584905660377
Jewett City,CT,19,17,0,2,2,0.10526315789473684
Joliet,IL,619,455,0,164,164,0.2649434571890145
Jonesville,NC,144,142,0,2,2,0.013888888888888888
Jupiter,FL,167,84,0,83,83,0.49700598802395207
KENNEBUNK,ME,12,10,0,2,2,0.16666666666666666
KENNETT SQUARE,PA,146,146,0,0,0,0.0
KENSINGTON,CT,44,43,0,1,1,0.022727272727272728
KENT,CT,46,45,0,1,1,0.021739130434782608
KERHONKSON,NY,41,35,0,6,6,0.14634146341463414
KEW GARDEN,NY,54,54,0,0,0,0.0
KEW GARDEN HILLS,NY,52,48,0,4,4,0.07692307692307693
KEW GARDENS,NY,3081,2730,143,208,351,0.11392405063291139
KEW GARDENS HILLS,NY,84,66,0,18,18,0.21428571428571427
KIAMESHA LAKE,NY,200,196,0,4,4,0.02
KINGMAN,AZ,1,1,0,0,0,0.0
KINGSTON,NY,1718,1318,12,388,400,0.23282887077997672
KITTANNING,PA,45,44,0,1,1,0.022222222222222223
KYLE,TX,789,743,0,46,46,0.058301647655259824
Kalamazoo,MI,17,16,1,0,1,0.058823529411764705
Kankakee,IL,311,297,0,14,14,0.04501607717041801
Kellogg,ID,412,379,11,22,33,0.08009708737864078
Kennebunk,ME,2,2,0,0,0,0.0
Kennerdell,PA,3,3,0,0,0,0.0
Kennett,MO,8,8,0,0,0,0.0
Kenosha,WI,43,43,0,0,0,0.0
Kernersville,NC,4,3,1,0,1,0.25
Kew Garden,NY,58,21,3,34,37,0.6379310344827587
Kew Gardens,NY,682,629,15,38,53,0.07771260997067449
Kieler,WI,46,45,0,1,1,0.021739130434782608
Killingworth,CT,6,6,0,0,0,0.0
King,NC,21,21,0,0,0,0.0
Kings,NY,781,754,0,27,27,0.034571062740076826
Kings Park,NY,74,70,0,4,4,0.05405405405405406
Kingston,ID,109,95,1,13,14,0.12844036697247707
Kingston,NY,950,684,66,200,266,0.28
Kinston,NC,13,10,0,3,3,0.23076923076923078
Kirkville,NY,4,0,4,0,4,1.0
Kittery,ME,3,3,0,0,0,0.0
Kittredge,CO,15,12,0,3,3,0.2
Knoxville,PA,10,6,0,4,4,0.4
Kuna,ID,2,2,0,0,0,0.0
LA JUNTA,CO,7,7,0,0,0,0.0
LAKE GROVE,NY,42,36,0,6,6,0.14285714285714285
LAKE KATRIEN,NY,17,17,0,0,0,0.0
LAKE PEEKSKILL,NY,43,42,0,1,1,0.023255813953488372
LAKE RONKONKOMA,NY,43,41,0,2,2,0.046511627906976744
LAKEVILLE,CT,24,23,0,1,1,0.041666666666666664
LAMAR,CO,1,1,0,0,0,0.0
LANGHORNE,PA,466,429,0,37,37,0.07939914163090128
LANSDALE,PA,1383,1291,0,92,92,0.06652205350686913
LANSDOWNE,PA,859,768,8,83,91,0.10593713620488941
LARCHMONT,NY,639,603,0,36,36,0.056338028169014086
LATHAM,NY,411,350,0,61,61,0.14841849148418493
LAURELTON,NY,579,542,0,37,37,0.06390328151986183
LAWRENCE,NY,323,303,0,20,20,0.06191950464396285
LEANDER,TX,121,87,0,34,34,0.2809917355371901
LEBANON,CT,27,24,0,3,3,0.1111111111111111
LEDYARD,CT,75,72,0,3,3,0.04
LEVITTOWN,NY,1938,1728,10,200,210,0.10835913312693499
LEVITTOWN,PA,381,373,0,8,8,0.02099737532808399
LEWISTOWN,PA,1244,997,0,247,247,0.1985530546623794
LIBERTY,NY,945,808,7,130,137,0.14497354497354498
LIC,NY,241,239,0,2,2,0.008298755186721992
LIDO BEACH,NY,82,48,0,34,34,0.4146341463414634
LINCOLNDALE,NY,42,29,2,11,13,0.30952380952380953
LINDENHURST,NY,687,655,0,32,32,0.046579330422125184
LISBON,CT,51,46,0,5,5,0.09803921568627451
LITCHFIELD,CT,229,201,0,28,28,0.1222707423580786
LITTLE FALLS,NJ,17,10,0,7,7,0.4117647058823529
LITTLE NECK,NY,2357,2026,2,329,331,0.14043275350021214
LIVINGSTON MANOR,NY,28,22,0,6,6,0.21428571428571427
LOCH SHELDRAKE,NY,23,17,0,6,6,0.2608695652173913
LOCKHART,TX,74,24,14,36,50,0.6756756756756757
LOCUST VALLEY,NY,414,349,0,65,65,0.1570048309178744
LONG BEACH,NY,996,795,3,198,201,0.20180722891566266
LONG IS CITY,NY,261,251,0,10,10,0.038314176245210725
LONG ISLAND CIT,NY,531,471,0,60,60,0.11299435028248588
LONG ISLAND CITY,NY,5571,4824,16,731,747,0.13408723747980614
LOUISBURG,NC,1,0,0,1,1,1.0
LULING,TX,28,13,0,15,15,0.5357142857142857
LYNBROOK,NY,1850,1473,20,357,377,0.20378378378378378
La Grange,IL,4,4,0,0,0,0.0
La Junta,CO,56,52,0,4,4,0.07142857142857142
La Salle,CO,4,4,0,0,0,0.0
Lafayette,CO,6,4,0,2,2,0.3333333333333333
Lake Grove,NY,220,209,0,11,11,0.05
Lake Ronkonkoma,NY,36,36,0,0,0,0.0
Lake Saint Louis,MO,5,5,0,0,0,0.0
Lake Station,IN,2,2,0,0,0,0.0
Lake Success,NY,84,57,0,27,27,0.32142857142857145
Lake Zurich,IL,1,0,0,1,1,1.0
Lakewood,CO,14,13,0,1,1,0.07142857142857142
Lamar,CO,4,4,0,0,0,0.0
Lancaster,WI,106,87,0,19,19,0.1792452830188679
Lansdale,PA,62,61,0,1,1,0.016129032258064516
Lansdowne,PA,177,138,39,0,39,0.22033898305084745
Lansing,IL,2,2,0,0,0,0.0
Larchmont,NY,62,61,0,1,1,0.016129032258064516
Las Animas,CO,3,3,0,0,0,0.0
Latham,NY,102,95,0,7,7,0.06862745098039216
Latrobe,PA,61,47,0,14,14,0.22950819672131148
Laurelton,NY,285,213,3,69,72,0.25263157894736843
Laurenton,NY,62,61,0,1,1,0.016129032258064516
Laurinburg,NC,3,3,0,0,0,0.0
Lawrence,NY,103,98,0,5,5,0.04854368932038835
Lawrenceville,PA,22,18,0,4,4,0.18181818181818182
Leadville,CO,14,13,0,1,1,0.07142857142857142
Leasburg,NC,89,77,12,0,12,0.1348314606741573
Leechburg,PA,3,3,0,0,0,0.0
Lehigh Acres,FL,452,359,0,93,93,0.20575221238938052
Lemont,IL,8,2,0,6,6,0.75
Lenoir,NC,63,0,63,0,63,1.0
Leominster,MA,55,53,0,2,2,0.03636363636363636
Levittown,NY,580,499,34,47,81,0.1396551724137931
Lewisburg,PA,121,102,0,19,19,0.15702479338842976
Lewistown,PA,562,442,0,120,120,0.21352313167259787
Liberty,NC,107,90,17,0,17,0.1588785046728972
Liberty,NY,62,50,6,6,12,0.1935483870967742
Lic,NY,42,38,0,4,4,0.09523809523809523
Lilbourn,MO,4,4,0,0,0,0.0
Lilesville,NC,1,1,0,0,0,0.0
Limerick,ME,9,6,0,3,3,0.3333333333333333
Limestone,PA,3,3,0,0,0,0.0
Limington,ME,3,2,0,1,1,0.3333333333333333
Lincolnwood,IL,23,22,0,1,1,0.043478260869565216
Linden,NJ,240,194,0,46,46,0.19166666666666668
Lindenhurst,NY,195,152,33,10,43,0.2205128205128205
Lisbon,ME,12,5,0,7,7,0.5833333333333334
Lisle,IL,2,2,0,0,0,0.0
Litchfield,CT,18,18,0,0,0,0.0
Little Falls,NJ,68,38,0,30,30,0.4411764705882353
Little Neck,NY,306,291,1,14,15,0.049019607843137254
Littleton,CO,168,135,0,33,33,0.19642857142857142
Liverpool,NY,18,0,18,0,18,1.0
Livonia,MI,20,20,0,0,0,0.0
Lockport,IL,76,68,0,8,8,0.10526315789473684
Lone Rock,WI,47,32,0,15,15,0.3191489361702128
Lone Tree,CO,15,15,0,0,0,0.0
Long Beach,NY,255,199,1,55,56,0.2196078431372549
Long Is City,NY,16,0,0,16,16,1.0
Long Island Cit,NY,423,382,0,41,41,0.09692671394799054
Long Island City,NY,1309,1228,0,81,81,0.061879297173414824
Longmeadow,MA,64,43,0,21,21,0.328125
Longmont,CO,214,203,0,11,11,0.0514018691588785
Loudonville,NY,9,3,0,6,6,0.6666666666666666
Loveland,CO,81,59,0,22,22,0.2716049382716049
Ludlow,MA,179,96,0,83,83,0.46368715083798884
Lunenburg,MA,40,18,0,22,22,0.55
Lynbrook,NY,188,178,3,7,10,0.05319148936170213
Lyndon Station,WI,6,4,0,2,2,0.3333333333333333
Lyndonville,NY,44,0,44,0,44,1.0
Lynn,MA,243,178,1,64,65,0.2674897119341564
Lynwood,IL,44,40,0,4,4,0.09090909090909091
Lyons,CO,15,15,0,0,0,0.0
Lyons,IL,19,17,0,2,2,0.10526315789473684
MADISON,CT,386,357,18,11,29,0.07512953367875648
MAHOPAC,NY,390,356,0,34,34,0.08717948717948718
MAHWAH,NJ,7,2,0,5,5,0.7142857142857143
MALDEN ON HUDSON,NY,1,1,0,0,0,0.0
MALTA,NY,42,38,0,4,4,0.09523809523809523
MALVERNE,NY,362,322,0,40,40,0.11049723756906077
MAMARONECK,NY,472,451,0,21,21,0.04449152542372881
MANCHESTER,CT,1395,1254,4,137,141,0.1010752688172043
MANHASSET,NY,312,311,0,1,1,0.003205128205128205
MANHASSET HILLS,NY,45,45,0,0,0,0.0
MANHATTAN,NY,7667,6852,26,789,815,0.10629972609886526
MANNS CHOICE,PA,108,39,0,69,69,0.6388888888888888
MANORVILLE,NY,87,81,0,6,6,0.06896551724137931
MARION CENTER,PA,44,44,0,0,0,0.0
MARLBORO,NY,52,43,2,7,9,0.17307692307692307
MARLBOROUGH,CT,81,76,0,5,5,0.06172839506172839
MARTINDALE,TX,90,89,0,1,1,0.011111111111111112
MARTINSBURG,PA,62,61,0,1,1,0.016129032258064516
MARYKNOLL,NY,74,65,5,4,9,0.12162162162162163
MASPETH,NY,2314,2183,6,125,131,0.05661192739844425
MASSAPEQUA,NY,1926,1667,1,258,259,0.13447559709241952
MASSAPEQUA PARK,NY,828,694,0,134,134,0.16183574879227053
MASTIC,NY,224,210,0,14,14,0.0625
MASTIC BEACH,NY,170,137,0,33,33,0.19411764705882353
MAXWELL,TX,45,45,0,0,0,0.0
MAYBROOK,NY,183,135,15,33,48,0.26229508196721313
MC ALISTERVILLE,PA,45,44,0,1,1,0.022222222222222223
MC CLURE,PA,36,15,0,21,21,0.5833333333333334
MC KEES ROCKS,PA,152,152,0,0,0,0.0
MC VEYTOWN,PA,439,395,0,44,44,0.10022779043280182
MCKEES ROCKS,PA,60,48,0,12,12,0.2
MCKEESPORT,PA,138,133,0,5,5,0.036231884057971016
MECHANICVILLE,NY,2,0,0,2,2,1.0
MEDFORD,NY,495,431,0,64,64,0.1292929292929293
MEDIA,PA,62,62,0,0,0,0.0
MELVILLE,NY,142,101,2,39,41,0.2887323943661972
MENANDS,NY,86,67,0,19,19,0.22093023255813954
MERIDEN,CT,1492,1338,9,145,154,0.1032171581769437
MERRICK,NY,1314,1175,1,138,139,0.10578386605783865
MIAMI,FL,295,295,0,0,0,0.0
MIDDLE ISLAND,NY,157,134,0,23,23,0.1464968152866242
MIDDLE VILLAGE,NY,3000,2793,3,204,207,0.069
MIDDLE VLG,NY,17,15,0,2,2,0.11764705882352941
MIDDLEBURY,CT,273,237,0,36,36,0.13186813186813187
MIDDLETOWN,CT,1225,950,154,121,275,0.22448979591836735
MIDDLETOWN,NY,5452,4305,163,984,1147,0.21038151137197358
MIDDLEVILLAGE,NY,27,27,0,0,0,0.0
MIFFLIN,PA,37,36,1,0,1,0.02702702702702703
MIFFLINTOWN,PA,170,141,0,29,29,0.17058823529411765
MILFORD,CT,264,238,0,26,26,0.09848484848484848
MILL CREEK,PA,29,28,0,1,1,0.034482758620689655
MILLBROOK,NY,1,1,0,0,0,0.0
MILLER PLACE,NY,130,125,0,5,5,0.038461538461538464
MILLERSVILLE,PA,62,62,0,0,0,0.0
MILLERTON,NY,44,42,0,2,2,0.045454545454545456
MILROY,PA,65,63,0,2,2,0.03076923076923077
MILTON,NC,7,7,0,0,0,0.0
MILTON,NY,98,80,1,17,18,0.1836734693877551
MILWAUKEE,WI,385,346,0,39,39,0.1012987012987013
MINEOLA,NY,775,666,1,108,109,0.1406451612903226
MNHATTAN,NY,1,1,0,0,0,0.0
MOHEGAN LAKE,NY,125,107,0,18,18,0.144
MONROE,CT,212,207,0,5,5,0.02358490566037736
MONROE,NY,6434,5879,39,516,555,0.08626049114081442
MONROEVILLE,PA,62,53,0,9,9,0.14516129032258066
MONSEY,NY,2423,2107,33,283,316,0.13041683862979778
MONTEBELLO,NY,108,103,5,0,5,0.046296296296296294
MONTGOMERY,NY,345,283,4,58,62,0.17971014492753623
MONTICELLO,NY,1702,1404,10,288,298,0.17508813160987075
MONTROSE,NY,103,83,0,20,20,0.1941747572815534
MONTVALE,NJ,19,16,0,3,3,0.15789473684210525
MONTVILLE,NJ,5,1,0,4,4,0.8
MOODUS,CT,201,181,0,20,20,0.09950248756218906
MOON,PA,3,3,0,0,0,0.0
MOORESVILLE,NC,45,45,0,0,0,0.0
MOOSUP,CT,120,108,0,12,12,0.1
MORRIS,CT,12,11,0,1,1,0.08333333333333333
MORRIS PARK,NY,10,6,0,4,4,0.4
MORRISANIA,NY,41,41,0,0,0,0.0
MORRISVILLE,PA,62,62,0,0,0,0.0
MORTON,PA,116,116,0,0,0,0.0
MOUNT KISCO,NY,368,328,0,40,40,0.10869565217391304
MOUNT KISKO,NY,51,42,0,9,9,0.17647058823529413
MOUNT SINAI,NY,340,285,0,55,55,0.16176470588235295
MOUNT UNION,PA,201,191,0,10,10,0.04975124378109453
MOUNT VERNON,NY,6493,5644,24,825,849,0.13075619898352073
MOUNTAIN DALE,NY,63,54,0,9,9,0.14285714285714285
MOUNTAINVILLE,NY,45,42,0,3,3,0.06666666666666667
MT KISCO,NY,59,55,0,4,4,0.06779661016949153
MT VERNON,NY,233,159,0,74,74,0.31759656652360513
MT. VERNON,NY,128,127,0,1,1,0.0078125
MT.VERNON,NY,36,36,0,0,0,0.0
MURPHY,NC,1,1,0,0,0,0.0
MYERSTOWN,PA,79,62,0,17,17,0.21518987341772153
MYSTIC,CT,66,25,0,41,41,0.6212121212121212
Macomb,MI,76,62,6,8,14,0.18421052631578946
Madera,PA,2,0,0,2,2,1.0
Madison,CT,4,4,0,0,0,0.0
Madison,WI,2,2,0,0,0,0.0
Mahwah,NJ,8,2,0,6,6,0.75
Maiden,NC,18,18,0,0,0,0.0
Malba,NY,34,30,0,4,4,0.11764705882352941
Malverne,NY,124,111,0,13,13,0.10483870967741936
Mamaroneck,NY,152,123,0,29,29,0.19078947368421054
Manassas,VA,216,214,0,2,2,0.009259259259259259
Manchester,CT,97,35,1,61,62,0.6391752577319587
Manchester,MI,295,257,22,16,38,0.1288135593220339
Manchester,MO,304,283,1,20,21,0.06907894736842106
Manhattan,IL,11,11,0,0,0,0.0
Manhattan,NY,652,621,0,31,31,0.04754601226993865
Manlius,NY,8,0,8,0,8,1.0
Manorville,NY,43,41,0,2,2,0.046511627906976744
Mansfield,PA,19,17,0,2,2,0.10526315789473684
Manteno,IL,28,27,0,1,1,0.03571428571428571
Mapelwood,MO,15,1,0,14,14,0.9333333333333333
Marble Hill,MO,7,7,0,0,0,0.0
Marco Island,FL,114,95,0,19,19,0.16666666666666666
Marienville,PA,1,1,0,0,0,0.0
Marion Center,PA,16,16,0,0,0,0.0
Markham,IL,8,7,0,1,1,0.125
Marshall,NC,72,72,0,0,0,0.0
Martinsburg,PA,3,0,0,3,3,1.0
Maryland Heights,MO,28,28,0,0,0,0.0
Maspeth,NY,326,315,0,11,11,0.03374233128834356
Massapequa,NY,420,399,6,15,21,0.05
Massapequa Park,NY,62,59,0,3,3,0.04838709677419355
Mastic,NY,155,138,2,15,17,0.10967741935483871
Mastic Beah,NY,37,36,0,1,1,0.02702702702702703
Mattapan,MA,1718,1250,10,458,468,0.2724097788125728
Matteson,IL,160,142,0,18,18,0.1125
Mauston,WI,53,46,0,7,7,0.1320754716981132
Maxwell,TX,62,62,0,0,0,0.0
Maybrook,NY,81,57,0,24,24,0.2962962962962963
Mayfield,NY,36,36,0,0,0,0.0
Maywood,IL,683,535,1,147,148,0.21669106881405564
Mc Connellsburg,PA,92,51,0,41,41,0.44565217391304346
Mc Veytown,PA,124,109,0,15,15,0.12096774193548387
McAlisterville,PA,1,1,0,0,0,0.0
McConnellsburg,PA,21,12,0,9,9,0.42857142857142855
Meadville,PA,2,0,0,2,2,1.0
Mebane,NC,220,214,5,1,6,0.02727272727272727
Medford,NY,69,68,0,1,1,0.014492753623188406
Medina,NY,6,0,6,0,6,1.0
Medway,MA,33,33,0,0,0,0.0
Melrose Park,IL,139,116,0,23,23,0.16546762589928057
Menan,ID,21,18,0,3,3,0.14285714285714285
Menands,NY,134,119,0,15,15,0.11194029850746269
Menomonee Falls,WI,38,34,0,4,4,0.10526315789473684
Mequon,WI,9,9,0,0,0,0.0
Mercer,PA,2,2,0,0,0,0.0
Mercersburg,PA,20,8,0,12,12,0.6
Meriden,CT,505,415,0,90,90,0.1782178217821782
Meridian,ID,9,7,0,2,2,0.2222222222222222
Merrick,NY,143,135,0,8,8,0.055944055944055944
Merrillville,IN,12,12,0,0,0,0.0
Meyersdale,PA,10,0,0,10,10,1.0
Miami,FL,108,108,0,0,0,0.0
Michigan City,IN,3,3,0,0,0,0.0
Middle Island,NY,246,238,0,8,8,0.032520325203252036
Middle Town,NY,61,55,0,6,6,0.09836065573770492
Middle Village,NY,472,437,0,35,35,0.07415254237288135
Middle Villiage,NY,45,43,0,2,2,0.044444444444444446
Middle Vlg,NY,5,5,0,0,0,0.0
Middleburg,PA,11,8,0,3,3,0.2727272727272727
Middlebury Center,PA,1,1,0,0,0,0.0
Middlefield,CT,10,10,0,0,0,0.0
Middletown,CT,79,72,0,7,7,0.08860759493670886
Middletown,NY,1572,1272,1,299,300,0.19083969465648856
Midlothian,IL,15,15,0,0,0,0.0
Mifflin,PA,2,1,0,1,1,0.5
Mifflintown,PA,3,3,0,0,0,0.0
Milford,CT,10,8,0,2,2,0.2
Milford,MA,98,97,0,1,1,0.01020408163265306
Milford,NY,4,0,4,0,4,1.0
Mill Creek,PA,4,3,0,1,1,0.25
Mill Village,PA,7,3,0,4,4,0.5714285714285714
Millbrook,NY,27,0,27,0,27,1.0
Millbury,MA,8,4,0,4,4,0.5
Milliken,CO,5,3,0,2,2,0.4
Mills,PA,19,17,0,2,2,0.10526315789473684
Millville,MA,13,13,0,0,0,0.0
Milroy,PA,2,1,0,1,1,0.5
Milton,NC,9,9,0,0,0,0.0
Milton,PA,2,2,0,0,0,0.0
Milwaukee,WI,3416,3015,16,385,401,0.11738875878220141
Mineola,NY,447,371,0,76,76,0.17002237136465326
Mineral Point,WI,18,18,0,0,0,0.0
Mohegan Lake,NY,46,46,0,0,0,0.0
Mokena,IL,50,43,0,7,7,0.14
Momence,IL,9,9,0,0,0,0.0
Monee,IL,47,44,0,3,3,0.06382978723404255
Monessen,PA,60,58,0,2,2,0.03333333333333333
Monroe,CT,20,0,0,20,20,1.0
Monroe,NY,147,124,0,23,23,0.1564625850340136
Monsey,NY,249,240,0,9,9,0.03614457831325301
Montebello,NY,45,31,0,14,14,0.3111111111111111
Montgomery,IL,20,20,0,0,0,0.0
Montgomery,NY,32,30,0,2,2,0.0625
Monticello,NY,325,249,1,75,76,0.23384615384615384
Montrose,CO,3,3,0,0,0,0.0
Montrose,NY,181,180,0,1,1,0.0055248618784530384
Monument,CO,116,116,0,0,0,0.0
Moravian Falls,NC,35,33,0,2,2,0.05714285714285714
Morris,CT,4,0,4,0,4,1.0
Morrisdale,PA,6,3,0,3,3,0.5
Morton Grove,IL,35,34,0,1,1,0.02857142857142857
Mount Airy,NC,59,54,3,2,5,0.0847457627118644
Mount Hope,WI,14,9,0,5,5,0.35714285714285715
Mount Kisco,NY,98,48,9,41,50,0.5102040816326531
Mount Prospect,IL,12,11,0,1,1,0.08333333333333333
Mount Sinai,NY,4,0,4,0,4,1.0
Mount Union,PA,9,6,0,3,3,0.3333333333333333
Mount Vernon,NY,871,754,7,110,117,0.13432835820895522
Mountain View,MO,5,5,0,0,0,0.0
Mt Kisco,NY,157,107,4,46,50,0.3184713375796178
Mt Vernon,NY,384,319,6,59,65,0.16927083333333334
Mt. Vernon,NY,61,57,0,4,4,0.06557377049180328
Mullan,ID,101,84,6,11,17,0.16831683168316833
Muncy,PA,2,2,0,0,0,0.0
Murphy,NC,7,6,0,1,1,0.14285714285714285
Muscoda,WI,43,33,0,10,10,0.23255813953488372
N BAYSHORE,NY,106,104,0,2,2,0.018867924528301886
N Baldwin,NY,53,50,0,3,3,0.05660377358490566
N NEW HYDE PK,NY,25,19,1,5,6,0.24
N. HALEDON,NJ,52,12,0,40,40,0.7692307692307693
NANUET,NY,1591,1363,15,213,228,0.1433060967944689
NAUGATUCK,CT,682,596,20,66,86,0.12609970674486803
NELSONVILLE,NY,62,62,0,0,0,0.0
NESCONSET,NY,63,63,0,0,0,0.0
NEW,NY,54,49,0,5,5,0.09259259259259259
NEW ALEXANDRIA,PA,46,36,0,10,10,0.21739130434782608
NEW BALTIMORE,PA,59,53,0,6,6,0.1016949152542373
NEW BERN,NC,4,4,0,0,0,0.0
NEW BRITAIN,CT,1217,1126,0,91,91,0.07477403451109285
NEW CASTLE,PA,69,67,0,2,2,0.028985507246376812
NEW CITY,NY,1187,859,35,293,328,0.2763268744734625
NEW HARTFORD,CT,190,184,0,6,6,0.031578947368421054
NEW HAVEN,CT,885,771,0,114,114,0.1288135593220339
NEW HYDE PARK,NY,3448,3023,4,421,425,0.12325986078886311
NEW KENSINGTON,PA,25,21,0,4,4,0.16
NEW LONDON,CT,672,584,0,88,88,0.13095238095238096
NEW MILFORD,CT,173,153,0,20,20,0.11560693641618497
NEW PALTZ,NY,355,266,5,84,89,0.2507042253521127
NEW PARIS,PA,45,43,0,2,2,0.044444444444444446
NEW ROCHELLE,NY,7404,6509,44,851,895,0.12088060507833603
NEW SQUARE,NY,93,88,0,5,5,0.053763440860215055
NEW WINDSOR,NY,1543,1198,36,309,345,0.2235904082955282
NEW YORK,NY,229422,205455,2272,21695,23967,0.10446687763161336
NEW YORK,Ne,15,3,0,12,12,0.8
NEW YORK CITY,NY,103,101,0,2,2,0.019417475728155338
NEWBURGH,NY,2883,2379,55,449,504,0.17481789802289283
NEWFOUNDLAND,NJ,9,4,0,5,5,0.5555555555555556
NEWINGTON,CT,236,220,0,16,16,0.06779661016949153
NEWTOWN,CT,261,244,0,17,17,0.06513409961685823
NEWTOWN SQUARE,PA,1,0,0,1,1,1.0
NEWYORK,NY,306,283,5,18,23,0.07516339869281045
NIANTIC,CT,105,95,0,10,10,0.09523809523809523
NO BELLMORE,NY,43,39,0,4,4,0.09302325581395349
NOANK,CT,7,6,0,1,1,0.14285714285714285
NORFOLK,CT,129,124,0,5,5,0.03875968992248062
NORRISTOWN,PA,387,361,1,25,26,0.06718346253229975
NORTH BABYLON,NY,284,271,0,13,13,0.045774647887323945
NORTH BALDWIN,NY,206,195,0,11,11,0.05339805825242718
NORTH BELLMORE,NY,250,220,0,30,30,0.12
NORTH BRANFORD,CT,77,53,0,24,24,0.3116883116883117
NORTH CANAAN,CT,27,27,0,0,0,0.0
NORTH FRANKLIN,CT,21,16,0,5,5,0.23809523809523808
NORTH GRANBY,CT,62,62,0,0,0,0.0
NORTH GROSVENORDALE,CT,95,91,0,4,4,0.042105263157894736
NORTH HAVEN,CT,371,337,0,34,34,0.09164420485175202
NORTH MASSAPEQUA,NY,104,97,0,7,7,0.0673076923076923
NORTH MERRICK,NY,70,57,0,13,13,0.18571428571428572
NORTH STONINGTON,CT,20,17,0,3,3,0.15
NORTH VERSAILLES,PA,60,60,0,0,0,0.0
NORTH WALES,PA,496,399,0,97,97,0.19556451612903225
NORTH WOODMERE,NY,53,30,0,23,23,0.4339622641509434
NORTHERN CAMBRIA,PA,54,54,0,0,0,0.0
NORTHPORT,NY,75,53,0,22,22,0.29333333333333333
NORWALK,CT,652,640,0,12,12,0.018404907975460124
NORWICH,CT,1443,1307,0,136,136,0.09424809424809424
NY,NY,866,828,0,38,38,0.04387990762124711
NYACK,NY,606,577,12,17,29,0.04785478547854786
NYC,NY,117,115,0,2,2,0.017094017094017096
Nampa,ID,39,33,0,6,6,0.15384615384615385
Nanuet,NY,257,234,0,23,23,0.08949416342412451
Naperville,IL,5,5,0,0,0,0.0
Naples,FL,6070,4585,2,1483,1485,0.24464579901153213
Naples,ME,28,7,0,21,21,0.75
Naugatuck,CT,33,33,0,0,0,0.0
Naylor,MO,2,2,0,0,0,0.0
Necedah,WI,29,29,0,0,0,0.0
Needmore,PA,14,7,0,7,7,0.5
Neelyville,MO,8,8,0,0,0,0.0
New  York,NY,221,195,0,26,26,0.11764705882352941
New Bedford,MA,5,0,0,5,5,1.0
New Bethlehem,PA,2,2,0,0,0,0.0
New Britain,CT,57,55,0,2,2,0.03508771929824561
New City,NY,473,400,10,63,73,0.1543340380549683
New Haven,CT,79,62,0,17,17,0.21518987341772153
New Hyde Park,NY,218,202,0,16,16,0.07339449541284404
New Kensington,PA,65,59,0,6,6,0.09230769230769231
New Lenox,IL,2,2,0,0,0,0.0
New Lisbon,WI,22,14,0,8,8,0.36363636363636365
New London,CT,19,17,0,2,2,0.10526315789473684
New Madrid,MO,5,5,0,0,0,0.0
New Paltz,NY,31,29,0,2,2,0.06451612903225806
New Rochelle,NY,1361,1085,60,216,276,0.20279206465833946
New Windsor,NY,101,74,1,26,27,0.26732673267326734
New York,DE,45,45,0,0,0,0.0
New York,NY,66092,58809,495,6788,7283,0.1101948798644314
New York,Ne,14,5,0,9,9,0.6428571428571429
New rochelle,NY,40,29,0,11,11,0.275
New york,NY,100,93,0,7,7,0.07
Newark,NJ,1432,986,3,443,446,0.31145251396648044
Newburgh,NY,730,600,24,106,130,0.1780821917808219
Newington,CT,49,43,0,6,6,0.12244897959183673
Newton,NC,146,62,84,0,84,0.5753424657534246
Newton Hamilton,PA,5,5,0,0,0,0.0
Newtown,CT,2,2,0,0,0,0.0
Niantic,CT,7,5,0,2,2,0.2857142857142857
Niles,IL,49,42,0,7,7,0.14285714285714285
Niskayuna,NY,37,33,0,4,4,0.10810810810810811
Niwot,CO,3,3,0,0,0,0.0
North Babylon,NY,163,148,1,14,15,0.09202453987730061
North Baldwin,NY,84,74,0,10,10,0.11904761904761904
North Bellmore,NY,45,45,0,0,0,0.0
North Belmore,NY,124,122,0,2,2,0.016129032258064516
North Berwick,ME,21,14,0,7,7,0.3333333333333333
North Collins,NY,10,0,10,0,10,1.0
North Dartmouth,MA,9,8,0,1,1,0.1111111111111111
North Fort Myers,FL,92,66,0,26,26,0.2826086956521739
North Freedom,WI,7,2,0,5,5,0.7142857142857143
North Haven,CT,110,84,0,26,26,0.23636363636363636
North Hills,NY,15,6,0,9,9,0.6
North Miami Beach,FL,13,13,0,0,0,0.0
North Oxford,MA,4,4,0,0,0,0.0
North Wilkesboro,NC,62,62,0,0,0,0.0
Northampton,MA,22,20,0,2,2,0.09090909090909091
Northbridge,MA,2,2,0,0,0,0.0
Northbrook,IL,4,4,0,0,0,0.0
Northford,CT,83,75,0,8,8,0.0963855421686747
Northport,NY,6,0,6,0,6,1.0
Norwalk,CT,57,38,0,19,19,0.3333333333333333
Norway,ME,11,8,0,3,3,0.2727272727272727
Norwich,CT,50,42,0,8,8,0.16
Norwich,NY,24,0,24,0,24,1.0
Ny,NY,301,289,0,12,12,0.03986710963455149
Nyack,NY,222,184,0,38,38,0.17117117117117117
O FALLON,MO,85,55,0,30,30,0.35294117647058826
O Fallon,MO,21,21,0,0,0,0.0
OAKCREEK,WI,1,1,0,0,0,0.0
OAKDALE,CT,54,45,0,9,9,0.16666666666666666
OAKDALE,NY,44,42,0,2,2,0.045454545454545456
OAKDALE,PA,53,53,0,0,0,0.0
OAKLAND GARDEND,NY,6,3,0,3,3,0.5
OAKLAND GARDENS,NY,3533,3147,23,363,386,0.10925559015001415
OAKLAND GDNS,NY,62,62,0,0,0,0.0
OAKMONT,PA,74,47,0,27,27,0.36486486486486486
OAKVILLE,CT,95,91,0,4,4,0.042105263157894736
OCEANSIDE,NY,2407,2159,1,247,248,0.10303282093892813
OLD BETHPAGE,NY,423,403,0,20,20,0.04728132387706856
OLD GREENWICH,CT,42,42,0,0,0,0.0
OLD LYME,CT,7,6,0,1,1,0.14285714285714285
OLD SAYBROOK,CT,316,292,0,24,24,0.0759493670886076
OLD WESTBURY,NY,55,40,0,15,15,0.2727272727272727
ORANGE,CT,17,17,0,0,0,0.0
ORANGE,NJ,28,25,0,3,3,0.10714285714285714
ORANGEBURG,NY,176,82,0,94,94,0.5340909090909091
ORDWAY,CO,3,2,0,1,1,0.3333333333333333
OSSINING,NY,1633,1410,23,200,223,0.13655848132271892
OXFORD,CT,130,121,0,9,9,0.06923076923076923
OYSTER BAY,NY,619,550,2,67,69,0.11147011308562198
OZONE PARK,NY,6806,6394,13,399,412,0.060534822215692036
Oak Brook,IL,9,9,0,0,0,0.0
Oak City,NC,22,22,0,0,0,0.0
Oak Creek,WI,2,2,0,0,0,0.0
Oak Forest,IL,75,73,0,2,2,0.02666666666666667
Oak Lawn,IL,100,66,0,34,34,0.34
Oak Park,IL,854,704,5,145,150,0.1756440281030445
Oakbrook,IL,4,3,0,1,1,0.25
Oakdale,CT,9,9,0,0,0,0.0
Oakland Garden,NY,1,1,0,0,0,0.0
Oakland Gardens,NY,230,174,0,56,56,0.24347826086956523
Oaklands Gardens,NY,55,55,0,0,0,0.0
Oakville,CT,1,1,0,0,0,0.0
Oceanside,NY,537,499,0,38,38,0.07076350093109869
Ogdensburg,NY,42,0,42,0,42,1.0
Oil City,PA,8,8,0,0,0,0.0
Old Lyme,CT,154,152,0,2,2,0.012987012987012988
Old Orchard Beach,ME,36,23,0,13,13,0.3611111111111111
Olivette,MO,5,5,0,0,0,0.0
Olney Springs,CO,8,8,0,0,0,0.0
Oneco,CT,19,16,0,3,3,0.15789473684210525
Orange,CT,9,9,0,0,0,0.0
Orange,NJ,42,40,0,2,2,0.047619047619047616
Orangeburg,NY,107,102,0,5,5,0.04672897196261682
Ordway,CO,2,2,0,0,0,0.0
Oriskany,NY,40,0,40,0,40,1.0
Orland Park,IL,35,34,0,1,1,0.02857142857142857
Osburn,ID,297,265,6,26,32,0.10774410774410774
Osceola Mills,PA,2,2,0,0,0,0.0
Oshkosh,WI,36,36,0,0,0,0.0
Ossining,NY,206,156,4,46,50,0.24271844660194175
Osterburg,PA,62,62,0,0,0,0.0
Oxford,MA,80,65,0,15,15,0.1875
Oyster Bay,NY,29,0,0,29,29,1.0
Ozone Park,NY,1222,1058,111,53,164,0.1342062193126023
PALATINE BRIDGE,NY,54,35,0,19,19,0.35185185185185186
PALISADES,NY,246,238,0,8,8,0.032520325203252036
PARAMUS,NJ,153,139,0,14,14,0.0915032679738562
PATCHOGUE,NY,461,358,0,103,103,0.22342733188720174
PATTON,PA,51,42,0,9,9,0.17647058823529413
PAWCATUCK,CT,304,259,0,45,45,0.14802631578947367
PEARL RIVER,NY,28,17,0,11,11,0.39285714285714285
PEEKSKILL,NY,3266,2760,38,468,506,0.15492957746478872
PELHAM,NY,592,509,0,83,83,0.14020270270270271
PELHAM MANOR,NY,91,88,0,3,3,0.03296703296703297
PEVELY,MO,15,15,0,0,0,0.0
PFLUGERVILLE,TX,57,55,0,2,2,0.03508771929824561
PH,NY,108,96,12,0,12,0.1111111111111111
PHILA,PA,250,249,0,1,1,0.004
PHILADELPHIA,PA,40362,38625,148,1589,1737,0.0430355284673703
PHOENIXVILLE,PA,54,36,0,18,18,0.3333333333333333
PIERMONT,NY,220,198,3,19,22,0.1
PINE BUSH,NY,45,39,0,6,6,0.13333333333333333
PITTSBURGH,PA,4382,3883,0,499,499,0.11387494294842537
PLAINFIELD,CT,150,135,0,15,15,0.1
PLAINVIEW,NY,828,687,23,118,141,0.17028985507246377
PLAINVILLE,CT,131,130,0,1,1,0.007633587786259542
PLANTSVILLE,CT,38,35,0,3,3,0.07894736842105263
PLEASANT VALLEY,NY,155,102,6,47,53,0.3419354838709677
PLEASANTVILLE,NY,188,162,2,24,26,0.13829787234042554
PLYMOUTH MEETING,PA,45,44,0,1,1,0.022222222222222223
POINT LOOKOUT,NY,15,0,0,15,15,1.0
POMFRET CENTER,CT,218,207,0,11,11,0.05045871559633028
POMONA,NY,331,300,6,25,31,0.09365558912386707
PORT CHESTER,NY,1551,1298,16,237,253,0.16312056737588654
PORT JEFFERSON STATION,NY,289,215,0,74,74,0.2560553633217993
PORT JERVIS,NY,1332,977,12,343,355,0.26651651651651653
PORT ROYAL,PA,28,28,0,0,0,0.0
PORT WASHINGTON,NY,708,505,2,201,203,0.2867231638418079
PORTAGE,PA,352,322,0,30,30,0.08522727272727272
PORTER CORNER,NY,3,0,0,3,3,1.0
PORTLAND,CT,190,123,0,67,67,0.3526315789473684
POTTSTOWN,PA,163,118,0,45,45,0.27607361963190186
POUGHKEEPSIE,NY,5418,4183,91,1144,1235,0.2279438907345884
POUND RIDGE,NY,90,90,0,0,0,0.0
PRESTON,CT,145,136,0,9,9,0.06206896551724138
PROSPERITY,PA,45,40,0,5,5,0.1111111111111111
PUEBLO,CO,31,29,0,2,2,0.06451612903225806
PUEBLO WEST,CO,7,7,0,0,0,0.0
PUTNAM,CT,610,562,0,48,48,0.07868852459016394
PUTNAM VALLEY,NY,25,24,0,1,1,0.04
Pacific,MO,3,2,0,1,1,0.3333333333333333
Palisade,CO,14,10,0,4,4,0.2857142857142857
Palm Beach Gardens,FL,206,116,0,90,90,0.4368932038834951
Palos Heights,IL,48,48,0,0,0,0.0
Palos Hills,IL,6,5,0,1,1,0.16666666666666666
Pardeeville,WI,13,10,0,3,3,0.23076923076923078
Park Forest,IL,51,51,0,0,0,0.0
Park Hills,MO,4,4,0,0,0,0.0
Park Ridge,IL,6,0,0,6,6,1.0
Parker,CO,22,20,0,2,2,0.09090909090909091
Parkesburg,PA,75,72,0,3,3,0.04
Patchogue,NY,73,64,0,9,9,0.1232876712328767
Paterson,NJ,44,43,0,1,1,0.022727272727272728
Paxton,MA,2,0,0,2,2,1.0
Peabody,MA,50,40,0,10,10,0.2
Pearl River,NY,55,51,0,4,4,0.07272727272727272
Peekskill,NY,380,269,0,111,111,0.29210526315789476
Pelham,NC,9,9,0,0,0,0.0
Pelham,NY,71,44,26,1,27,0.38028169014084506
Pembroke Township,IL,31,31,0,0,0,0.0
Penfield,PA,11,9,0,2,2,0.18181818181818182
Penrose,CO,16,15,0,1,1,0.0625
Peoria,AZ,58,58,0,0,0,0.0
Peoria,IL,1,0,0,1,1,1.0
Pevely,MO,80,80,0,0,0,0.0
Peyton,CO,133,133,0,0,0,0.0
Philadelphia,PA,3816,3643,14,159,173,0.04533542976939203
Philipsburg,PA,4,0,0,4,4,1.0
Picture Rocks,PA,10,9,0,1,1,0.1
Piermont,NY,63,63,0,0,0,0.0
Pinckney,MI,5,5,0,0,0,0.0
Pine Bush,NY,289,189,0,100,100,0.3460207612456747
Pine Plains,NY,30,0,30,0,30,1.0
Pinehurst,ID,364,334,4,26,30,0.08241758241758242
Pingree,ID,14,8,0,6,6,0.42857142857142855
Pinnacle,NC,6,2,0,4,4,0.6666666666666666
Piscataway,NJ,11,6,0,5,5,0.45454545454545453
Pittsburgh,PA,230,212,0,18,18,0.0782608695652174
Pittsfield,PA,8,3,0,5,5,0.625
Plainfield,CT,19,17,0,2,2,0.10526315789473684
Plainfield,IL,80,59,0,21,21,0.2625
Plainfield,NJ,28,22,1,5,6,0.21428571428571427
Plainview,NY,92,67,16,9,25,0.2717391304347826
Plantsville,CT,30,26,0,4,4,0.13333333333333333
Platteville,WI,135,110,0,25,25,0.18518518518518517
Pleasant Valley,NY,13,6,0,7,7,0.5384615384615384
Pleasantville,NY,42,37,0,5,5,0.11904761904761904
Pleasantville,PA,5,5,0,0,0,0.0
Plymouth,NC,68,63,0,5,5,0.07352941176470588
Pomfret Center,CT,7,2,0,5,5,0.7142857142857143
Pomona,NY,22,13,0,9,9,0.4090909090909091
Poncha Springs,CO,4,4,0,0,0,0.0
Pontiac,MI,45,44,1,0,1,0.022222222222222223
Poplar Bluff,MO,26,26,0,0,0,0.0
Port Chester,NY,249,216,18,15,33,0.13253012048192772
Port Jeff Sta,NY,98,96,0,2,2,0.02040816326530612
Port Jefferson,NY,36,36,0,0,0,0.0
Port Jefferson Station,NY,89,63,5,21,26,0.29213483146067415
Port Jervis,NY,106,98,0,8,8,0.07547169811320754
Port Royal,PA,1,0,0,1,1,1.0
Port Washington,NY,113,100,0,13,13,0.11504424778761062
Portage,IN,3,3,0,0,0,0.0
Portage,WI,28,20,0,8,8,0.2857142857142857
Portland,CT,31,29,0,2,2,0.06451612903225806
Portland,ME,35,18,0,17,17,0.4857142857142857
Posen,IL,11,8,0,3,3,0.2727272727272727
Poughkeepsie,NY,866,691,43,132,175,0.20207852193995382
Poughkeepskie,NY,57,51,0,6,6,0.10526315789473684
Prairie du Chein,WI,3,2,0,1,1,0.3333333333333333
Prairie du Chien,WI,99,53,0,46,46,0.46464646464646464
Prairie du Sac,WI,43,36,0,7,7,0.16279069767441862
Prescott,AZ,24,23,0,1,1,0.041666666666666664
Prescott Valley,AZ,3,0,0,3,3,1.0
Primos,PA,62,61,0,1,1,0.016129032258064516
Prospect Hill,NC,62,62,0,0,0,0.0
Prt Jefferson,NY,4,0,4,0,4,1.0
Pueblo,CO,508,427,0,81,81,0.1594488188976378
Pueblo West,CO,6,5,0,1,1,0.16666666666666666
Punxsatawney,PA,65,64,0,1,1,0.015384615384615385
QUAKER HILL,CT,25,20,0,5,5,0.2
QUEENS,NY,2531,2389,12,130,142,0.05610430659818254
QUEENS VILLAGE,NY,8517,7773,43,701,744,0.08735470235998591
QUEENS VLG,NY,45,45,0,0,0,0.0
QUEENSBURY,NY,16,5,0,11,11,0.6875
Quaker Hill,CT,1,1,0,0,0,0.0
Queens,NY,1637,1528,1,108,109,0.06658521686010996
Queens Village,NY,1251,1182,0,69,69,0.05515587529976019
Queens Vlg,NY,113,71,42,0,42,0.37168141592920356
Quincy,MA,55,3,0,52,52,0.9454545454545454
RALEIGH,NC,11,7,0,4,4,0.36363636363636365
RAMSEY,NJ,11,8,0,3,3,0.2727272727272727
RAVENA,NY,39,39,0,0,0,0.0
REEDSVILLE,PA,293,288,0,5,5,0.017064846416382253
REGO PARK,NY,8210,7584,6,620,626,0.07624847746650426
REIDSVILLE,NC,2,2,0,0,0,0.0
RENSSELAER,NY,152,125,1,26,27,0.17763157894736842
REXFORD,NY,18,15,0,3,3,0.16666666666666666
RHINEBECK,NY,93,86,0,7,7,0.07526881720430108
RICHMOND HILL,NY,5359,4884,13,462,475,0.08863593954095914
RIDGE,NY,278,239,0,39,39,0.14028776978417265
RIDGEWOOD,NJ,81,38,1,42,43,0.5308641975308642
RIDGEWOOD,NY,5447,4951,11,485,496,0.0910592986965302
RINGWOOD,NJ,10,9,0,1,1,0.1
RIO VISTA,TX,1,0,0,1,1,1.0
RIVER EDGE,NJ,129,128,0,1,1,0.007751937984496124
RIVERDALE,NY,10,4,0,6,6,0.6
RIVERHEAD,NY,52,35,0,17,17,0.3269230769230769
ROCHDALE,NY,5,5,0,0,0,0.0
ROCHDALE VILLAGE,NY,6,4,0,2,2,0.3333333333333333
ROCHELLE PARK,NJ,30,7,0,23,23,0.7666666666666667
ROCKAWAY BEACH,NY,429,402,1,26,27,0.06293706293706294
ROCKAWAY BEACH Blvd,NY,124,124,0,0,0,0.0
ROCKAWAY PARK,NY,1168,1057,1,110,111,0.09503424657534247
ROCKAWAY POINT,NY,20,7,0,13,13,0.65
ROCKVILLE CENTER,NY,282,226,12,44,56,0.19858156028368795
ROCKVILLE CENTR,NY,279,269,0,10,10,0.035842293906810034
ROCKVILLE CENTRE,NY,1673,1518,4,151,155,0.09264793783622235
ROCKY FORD,CO,17,17,0,0,0,0.0
ROCKY HILL,CT,34,28,0,6,6,0.17647058823529413
ROCKY POINT,NY,64,64,0,0,0,0.0
ROGERS,CT,145,136,0,9,9,0.06206896551724138
RONKONKOMA,NY,819,718,0,101,101,0.12332112332112333
ROOSEVELT,NY,973,907,18,48,66,0.06783144912641316
ROOSEVELT ISLAN,NY,51,33,0,18,18,0.35294117647058826
ROOSEVELT ISLAND,NY,88,63,0,25,25,0.2840909090909091
ROSEDALE,NY,4278,3886,15,377,392,0.09163160355306219
ROSENDALE,NY,49,44,0,5,5,0.10204081632653061
ROSLYN,NY,12,10,0,2,2,0.16666666666666666
ROSLYN HEIGHTS,NY,159,74,18,67,85,0.5345911949685535
ROUND ROCK,TX,80,76,0,4,4,0.05
ROXBURY,CT,18,17,0,1,1,0.05555555555555555
ROYERSFORD,PA,62,62,0,0,0,0.0
RUSHVILLE,IN,26,19,0,7,7,0.2692307692307692
RYE,NY,378,319,4,55,59,0.15608465608465608
RYE BROOK,NY,80,54,0,26,26,0.325
Racine,WI,83,83,0,0,0,0.0
Rahway,NJ,240,163,1,76,77,0.32083333333333336
Raleigh,NC,21,17,0,4,4,0.19047619047619047
Reading,MA,7,7,0,0,0,0.0
Reedsburg,WI,287,258,0,29,29,0.10104529616724739
Reedsville,PA,2,0,0,2,2,1.0
Rego Park,NY,1525,1422,0,103,103,0.06754098360655737
Rehoboth,MA,1,0,0,1,1,1.0
Reidsville,NC,357,353,0,4,4,0.011204481792717087
Renesselaer,NY,18,14,0,4,4,0.2222222222222222
Rensselaer,NY,107,96,0,11,11,0.102803738317757
Revere,MA,10,9,0,1,1,0.1
Rexburg,ID,5,5,0,0,0,0.0
Reynoldsville,PA,2,1,0,1,1,0.5
Rhinebeck,NY,24,17,0,7,7,0.2916666666666667
Richford,NY,27,0,27,0,27,1.0
Richland,MI,158,122,20,16,36,0.22784810126582278
Richland Center,WI,262,241,0,21,21,0.08015267175572519
Richmond,NY,63,61,0,2,2,0.031746031746031744
Richmond Hill,NY,397,346,41,10,51,0.12846347607052896
Richton Park,IL,36,34,0,2,2,0.05555555555555555
Ridge,NY,36,36,0,0,0,0.0
Ridgewood,NY,724,668,0,56,56,0.07734806629834254
Rimersburg,PA,46,36,0,10,10,0.21739130434782608
Rio,WI,7,5,0,2,2,0.2857142857142857
Ririe,ID,2,2,0,0,0,0.0
Riverdale,IL,121,90,0,31,31,0.256198347107438
Riverdale,NY,78,74,0,4,4,0.05128205128205128
Riverhead,NY,81,45,36,0,36,0.4444444444444444
Riverside,IL,26,25,0,1,1,0.038461538461538464
Robersonville,NC,2,1,0,1,1,0.5
Rochdale,NY,2,1,0,1,1,0.5
Rochdale Villag,NY,62,42,0,20,20,0.3225806451612903
Rochester,NY,16,0,16,0,16,1.0
Rock Tavern,NY,21,21,0,0,0,0.0
Rockaway Beach,NY,89,83,0,6,6,0.06741573033707865
Rockaway Park,NY,135,106,22,7,29,0.21481481481481482
Rockaway Pk,NY,17,17,0,0,0,0.0
Rockingham,NC,25,25,0,0,0,0.0
Rockvale,CO,16,15,0,1,1,0.0625
Rockville Centr,NY,48,34,0,14,14,0.2916666666666667
Rockville Centre,NY,298,237,2,59,61,0.20469798657718122
Rockville Ctr,NY,64,58,0,6,6,0.09375
Rocky Ford,CO,30,29,0,1,1,0.03333333333333333
Ronkonkoma,NY,176,153,0,23,23,0.13068181818181818
Roosevelt,NY,258,187,0,71,71,0.2751937984496124
Roosevelt Island,NY,225,212,0,13,13,0.057777777777777775
Roosevlet,NY,71,69,0,2,2,0.028169014084507043
Roscoe,NY,10,0,10,0,10,1.0
Rosedale,NY,374,333,0,41,41,0.10962566844919786
Roselle,IL,1,0,0,1,1,1.0
Roselle,NJ,364,307,0,57,57,0.1565934065934066
Roseville,MI,62,43,14,5,19,0.3064516129032258
Roslindale,MA,2338,1706,1,631,632,0.2703165098374679
Roslyn,NY,89,84,0,5,5,0.056179775280898875
Roslyn Heights,NY,60,41,0,19,19,0.31666666666666665
Rostraver township,PA,123,121,0,2,2,0.016260162601626018
Rotterdam,NY,59,57,0,2,2,0.03389830508474576
Rougemont,NC,45,45,0,0,0,0.0
Round Rock,TX,55,42,0,13,13,0.23636363636363636
Roxboro,NC,135,135,0,0,0,0.0
Roxbury,MA,857,435,2,420,422,0.49241540256709454
Roxbury Crossing,MA,73,35,2,36,38,0.5205479452054794
Rushville,IN,54,45,0,9,9,0.16666666666666666
Russell,PA,12,5,0,7,7,0.5833333333333334
Rye Brook,NY,110,77,0,33,33,0.3
S GLENS FALLS,NY,1,1,0,0,0,0.0
S HEMPSTEAD,NY,174,170,0,4,4,0.022988505747126436
S HUNTINGTON,NY,44,43,0,1,1,0.022727272727272728
S OZONE PARK,NY,257,240,0,17,17,0.06614785992217899
S Ozone Park,NY,63,36,17,10,27,0.42857142857142855
S RICHMOND HILL,NY,62,60,0,2,2,0.03225806451612903
S RICHMOND HL,NY,111,98,0,13,13,0.11711711711711711
S Richmond Hill,NY,82,71,0,11,11,0.13414634146341464
S Richmond Hl,NY,31,0,31,0,31,1.0
S. Ozone Park,NY,49,45,0,4,4,0.08163265306122448
SADDLE BROOK,NJ,25,20,0,5,5,0.2
SADDLE RIVER,NJ,39,14,0,25,25,0.6410256410256411
SAINT ALBANS,NY,4123,3724,16,383,399,0.0967741935483871
SAINT ANN,MO,38,21,0,17,17,0.4473684210526316
SAINT CHARLES,MO,183,130,0,53,53,0.2896174863387978
SAINT JAMES,NY,42,36,0,6,6,0.14285714285714285
SAINT JOHNSVILLE,NY,45,29,0,16,16,0.35555555555555557
SAINT LOUIS,MO,5484,4691,83,710,793,0.14460247994164843
SAINT PETERS,MO,337,293,0,44,44,0.13056379821958458
SALEM,CT,5,5,0,0,0,0.0
SALIDA,CO,13,13,0,0,0,0.0
SALISBURY,CT,22,22,0,0,0,0.0
SALT POINT,NY,41,33,0,8,8,0.1951219512195122
SAN MARCOS,TX,1755,1399,94,262,356,0.20284900284900284
SANDY HOOK,CT,63,63,0,0,0,0.0
SANFORD,ME,10,9,0,1,1,0.1
SARATOGA SPRING,NY,3,0,0,3,3,1.0
SARATOGA SPRINGS,NY,279,172,1,106,107,0.3835125448028674
SARATOGA SPRNGS,NY,62,62,0,0,0,0.0
SAXTON,PA,181,168,0,13,13,0.0718232044198895
SAYVILLE,NY,183,170,0,13,13,0.07103825136612021
SCARSDALE,NY,1016,901,3,112,115,0.11318897637795275
SCHELLSBURG,PA,107,106,0,1,1,0.009345794392523364
SCHENECTADY,NY,3178,2656,2,520,522,0.1642542479546885
SCOTCHTOWN,NY,24,15,0,9,9,0.375
SEA CLIFF,NY,78,44,0,34,34,0.4358974358974359
SEAFORD,NY,595,415,1,179,180,0.3025210084033613
SECANE,PA,327,326,0,1,1,0.0030581039755351682
SELDEN,NY,150,139,0,11,11,0.07333333333333333
SELKIRK,NY,53,17,1,35,36,0.6792452830188679
SETAUKET,NY,49,45,0,4,4,0.08163265306122448
SEYMOUR,CT,221,212,0,9,9,0.04072398190045249
SHARON HILL,PA,20,0,14,6,20,1.0
SHELBYVILLE,IN,55,55,0,0,0,0.0
SHELTON,CT,625,535,0,90,90,0.144
SHIRLEY,NY,319,302,0,17,17,0.05329153605015674
SHRUB OAK,NY,105,102,0,3,3,0.02857142857142857
SI,NY,62,61,0,1,1,0.016129032258064516
SIKESTON,MO,1,1,0,0,0,0.0
SIMSBURY,CT,81,72,0,9,9,0.1111111111111111
SLEEPY HOLLOW,NY,137,107,0,30,30,0.21897810218978103
SLINGERLANDS,NY,43,39,0,4,4,0.09302325581395349
SLOATSBURG,NY,158,128,0,30,30,0.189873417721519
SMITHTOWN,NY,374,336,1,37,38,0.10160427807486631
SMITHVILLE,TX,33,29,0,4,4,0.12121212121212122
SO GLENS FALLS,NY,41,41,0,0,0,0.0
SO RICHMOND HILL,NY,12,11,0,1,1,0.08333333333333333
SOMERS,CT,283,272,0,11,11,0.038869257950530034
SOMERS,NY,390,377,0,13,13,0.03333333333333333
SOMERSET,PA,54,53,0,1,1,0.018518518518518517
SOUDERTON,PA,358,208,0,150,150,0.41899441340782123
SOUTH FALLSBURG,NY,223,171,0,52,52,0.23318385650224216
SOUTH HEMPSTEAD,NY,108,106,0,2,2,0.018518518518518517
SOUTH KENT,CT,12,9,0,3,3,0.25
SOUTH OZONE PAR,NY,235,231,0,4,4,0.01702127659574468
SOUTH OZONE PARK,NY,3607,3244,15,348,363,0.1006376490158026
SOUTH OZONE PK,NY,6,5,0,1,1,0.16666666666666666
SOUTH PARK,PA,86,68,0,18,18,0.20930232558139536
SOUTH RICHMINDHILL,NY,45,45,0,0,0,0.0
SOUTH RICHMOND,NY,277,268,1,8,9,0.032490974729241874
SOUTH RICHMOND HILL,NY,4332,3905,16,411,427,0.09856879039704525
SOUTH SALEM,NY,42,37,0,5,5,0.11904761904761904
SOUTH SETAUKET,NY,52,44,0,8,8,0.15384615384615385
SOUTH WINDSOR,CT,424,413,0,11,11,0.025943396226415096
SOUTHAMPTON,PA,1117,1097,0,20,20,0.017905102954341987
SOUTHBURY,CT,267,243,0,24,24,0.0898876404494382
SOUTHINGTON,CT,971,896,0,75,75,0.07723995880535531
SPARKILL,NY,240,178,0,62,62,0.25833333333333336
SPARROW BUSH,NY,68,67,0,1,1,0.014705882352941176
SPRING VALLEY,NY,2517,2068,69,380,449,0.17838696861342868
SPRINGFIELD GAR,NY,271,248,0,23,23,0.08487084870848709
SPRINGFIELD GARDE,NY,62,62,0,0,0,0.0
SPRINGFIELD GARDENS,NY,3236,2873,6,357,363,0.11217552533992584
SPRINGFIELD GRDN,NY,62,62,0,0,0,0.0
SPRNGFLD GDNS,NY,6,5,0,1,1,0.16666666666666666
SPUYTEN DUYVIL,NY,15,10,0,5,5,0.3333333333333333
ST ALBANS,NY,461,446,0,15,15,0.03253796095444685
ST. FRANCIS,WI,3,3,0,0,0,0.0
STAFFORD SPRINGS,CT,228,214,0,14,14,0.06140350877192982
STAMFORD,CT,1139,1009,0,130,130,0.1141352063213345
STAR JUNCTION,PA,49,49,0,0,0,0.0
STATEN ISLAND,NY,64879,57760,124,6995,7119,0.10972733858413354
STONY BROOK,NY,33,33,0,0,0,0.0
STONY POINT,NY,822,758,0,64,64,0.07785888077858881
STORMVILLE,NY,20,6,0,14,14,0.7
STORRS,CT,130,116,0,14,14,0.1076923076923077
STORRS MANSFIELD,CT,62,62,0,0,0,0.0
STOYSTOWN,PA,45,45,0,0,0,0.0
STRATFORD,CT,565,535,0,30,30,0.05309734513274336
STRONGSTOWN,PA,44,44,0,0,0,0.0
SUFFERN,NY,2091,1753,53,285,338,0.16164514586322334
SUFFIELD,CT,78,74,0,4,4,0.05128205128205128
SUITLAND,MD,20,19,0,1,1,0.05
SUN CITY,AZ,31,31,0,0,0,0.0
SUN RIVER TERRACE,IL,18,18,0,0,0,0.0
SUNNYSIDE,NY,3529,3219,1,309,310,0.08784358175120431
SURPRISE,AZ,54,54,0,0,0,0.0
SYOSSET,NY,783,727,3,53,56,0.07151979565772669
Sabinsville,PA,10,9,0,1,1,0.1
Saco,ME,36,28,0,8,8,0.2222222222222222
Saddle Brook,NJ,62,61,0,1,1,0.016129032258064516
Saint Albans,NY,503,476,1,26,27,0.0536779324055666
Saint Anthony,ID,1,1,0,0,0,0.0
Saint Charles,IL,14,14,0,0,0,0.0
Saint Charles,MO,5,4,0,1,1,0.2
Saint Clair Shores,MI,132,118,3,11,14,0.10606060606060606
Saint James,NY,4,0,4,0,4,1.0
Saint Louis,MO,1212,1176,0,36,36,0.0297029702970297
Saint albans,NY,73,60,0,13,13,0.1780821917808219
Salem,MA,37,30,1,6,7,0.1891891891891892
Salida,CO,64,63,0,1,1,0.015625
Salisbury,PA,12,7,0,5,5,0.4166666666666667
Saltillo,PA,7,4,0,3,3,0.42857142857142855
San Marcos,TX,14,6,0,8,8,0.5714285714285714
Sanford,ME,144,95,0,49,49,0.3402777777777778
Sanford,NC,27,26,0,1,1,0.037037037037037035
Saratoga Sprgs,NY,62,62,0,0,0,0.0
Saratoga Springs,NY,20,17,0,3,3,0.15
Saratoga Sprngs,NY,96,39,1,56,57,0.59375
Saugus,MA,5,5,0,0,0,0.0
Sauk City,WI,82,64,0,18,18,0.21951219512195122
Sauk Village,IL,45,45,0,0,0,0.0
Sayre,PA,13,11,0,2,2,0.15384615384615385
Scarborough,ME,54,19,0,35,35,0.6481481481481481
Scarsdale,NY,60,55,0,5,5,0.08333333333333333
Schaumburg,IL,18,14,0,4,4,0.2222222222222222
Schdy,NY,51,50,0,1,1,0.0196078431372549
Schenectady,NY,1992,1589,90,313,403,0.20230923694779115
Schererville,IN,6,6,0,0,0,0.0
Schiller Park,IL,1,0,0,1,1,1.0
Scotia,NY,134,126,0,8,8,0.05970149253731343
Scott County,MO,1,1,0,0,0,0.0
Seaford,NY,45,45,0,0,0,0.0
See Notes,NY,60,60,0,0,0,0.0
Seekonk,MA,12,0,0,12,12,1.0
Selden,NY,266,222,0,44,44,0.16541353383458646
Seneca,PA,217,211,0,6,6,0.027649769585253458
Shade Gap,PA,8,1,0,7,7,0.875
Sharon Hill,PA,212,201,0,11,11,0.05188679245283019
Sheffield,PA,1,0,0,1,1,1.0
Shelby,NC,3,3,0,0,0,0.0
Shelbyville,IN,172,128,0,44,44,0.2558139534883721
Shelley,ID,15,15,0,0,0,0.0
Shinglehouse,PA,7,2,0,5,5,0.7142857142857143
Shirley,NY,440,396,4,40,44,0.1
Shirleysburg,PA,6,5,0,1,1,0.16666666666666666
Shullsburg,WI,39,37,0,2,2,0.05128205128205128
Si,NY,62,62,0,0,0,0.0
Sikeston,MO,8,8,0,0,0,0.0
Siler City,NC,2,2,0,0,0,0.0
Silverton,ID,56,52,0,4,4,0.07142857142857142
Skokie,IL,92,85,0,7,7,0.07608695652173914
Sleepy Hollow,NY,473,438,21,14,35,0.07399577167019028
Slingerlands,NY,61,39,0,22,22,0.36065573770491804
Smelterville,ID,38,38,0,0,0,0.0
Smithmill,PA,1,0,0,1,1,1.0
Smithtown,NY,74,60,11,3,14,0.1891891891891892
So Glens Falls,NY,43,27,0,16,16,0.37209302325581395
Soldiers Grove,WI,18,18,0,0,0,0.0
Somers,CT,39,35,0,4,4,0.10256410256410256
Somerset,MA,27,21,0,6,6,0.2222222222222222
Somerset,PA,101,77,0,24,24,0.2376237623762376
Souderton,PA,248,248,0,0,0,0.0
Sound Beach,NY,61,56,0,5,5,0.08196721311475409
South Chicago,IL,26,24,0,2,2,0.07692307692307693
South Deerfield,MA,66,58,0,8,8,0.12121212121212122
South Elgin,IL,9,9,0,0,0,0.0
South Fallsburg,NY,44,25,0,19,19,0.4318181818181818
South Fork,PA,3,3,0,0,0,0.0
South Garden City,NY,42,36,0,6,6,0.14285714285714285
South Glens Fal,NY,35,32,0,3,3,0.08571428571428572
South Hadley,MA,162,105,0,57,57,0.35185185185185186
South Hempstead,NY,45,44,0,1,1,0.022222222222222223
South Holland,IL,51,47,0,4,4,0.0784313725490196
South Milwaukee,WI,120,120,0,0,0,0.0
South Ozone Par,NY,314,289,0,25,25,0.07961783439490445
South Ozone Park,NY,374,372,0,2,2,0.0053475935828877
South Paris,ME,3,3,0,0,0,0.0
South Portland,ME,82,58,0,24,24,0.2926829268292683
South Richmond,NY,105,78,0,27,27,0.2571428571428571
South Richmond Hill,NY,269,253,0,16,16,0.05947955390334572
South Windsor,CT,50,39,1,10,11,0.22
Southampton,MA,27,25,0,2,2,0.07407407407407407
Southbridge,MA,5,5,0,0,0,0.0
Southbury,CT,174,139,0,35,35,0.20114942528735633
Southern Pines,NC,9,9,0,0,0,0.0
Southfield,MI,21,17,0,4,4,0.19047619047619047
Southington,CT,207,202,0,5,5,0.024154589371980676
Southwick,MA,62,51,0,11,11,0.1774193548387097
Sparkill,NY,371,328,4,39,43,0.11590296495956873
Sparrowbush,NY,62,62,0,0,0,0.0
Spencer,MA,35,15,0,20,20,0.5714285714285714
Spotsylvania,VA,101,96,0,5,5,0.04950495049504951
Spring Valley,NY,315,269,0,46,46,0.14603174603174604
Springfield,CO,2,2,0,0,0,0.0
Springfield,MA,1146,934,3,209,212,0.1849912739965096
Springfield,VA,18,18,0,0,0,0.0
Springfield GDN,NY,136,135,0,1,1,0.007352941176470588
Springfield Gar,NY,328,294,0,34,34,0.10365853658536585
Springfield Gardens,NY,164,151,1,12,13,0.07926829268292683
Springfield Gdn,NY,90,88,0,2,2,0.022222222222222223
Springvale,ME,1,1,0,0,0,0.0
Sprngfld Gdns,NY,38,0,38,0,38,1.0
St Albans,NY,130,127,0,3,3,0.023076923076923078
St Charles,MO,1,0,0,1,1,1.0
St Louis,MO,78,78,0,0,0,0.0
St. Albans,NY,148,143,0,5,5,0.033783783783783786
St. Charles,MO,62,62,0,0,0,0.0
St. Louis,MO,4701,4509,2,190,192,0.0408423739629866
St. Louis City,MO,8,7,0,1,1,0.125
St.Louis,MO,67,66,0,1,1,0.014925373134328358
Stafford,VA,92,89,0,3,3,0.03260869565217391
Stafford Springs,CT,68,65,0,3,3,0.04411764705882353
Stamford,CT,134,64,0,70,70,0.5223880597014925
State Road,NC,52,52,0,0,0,0.0
Staten Island,NY,14390,12186,48,2156,2204,0.15316191799861015
Staten Island,Ne,75,27,0,48,48,0.64
Sterling Heights,MI,117,103,3,11,14,0.11965811965811966
Steuben,WI,2,2,0,0,0,0.0
Stewart Manor,NY,9,7,0,2,2,0.2222222222222222
Stickney,IL,25,24,0,1,1,0.04
Stoystown,PA,12,6,0,6,6,0.5
Stratford,CT,62,62,0,0,0,0.0
Streamwood,IL,24,22,0,2,2,0.08333333333333333
Suffern,NY,594,491,8,95,103,0.1734006734006734
Sugar City,CO,4,4,0,0,0,0.0
Sugar Grove,PA,5,5,0,0,0,0.0
Summersville,MO,3,3,0,0,0,0.0
Summit Argo,IL,90,90,0,0,0,0.0
Sun City,AZ,178,178,0,0,0,0.0
Sun River Terrace,IL,22,21,0,1,1,0.045454545454545456
Sunbury,PA,4,3,0,1,1,0.25
Sunnyside,NY,804,769,1,34,35,0.043532338308457715
Surprise,AZ,78,62,0,16,16,0.20512820512820512
Swampscott,MA,46,45,0,1,1,0.021739130434782608
Swansea,MA,94,40,0,54,54,0.574468085106383
Swink,CO,5,2,0,3,3,0.6
Sylvan Lake,MI,20,12,0,8,8,0.4
Syosset,NY,236,214,0,22,22,0.09322033898305085
Syracuse,NY,44,0,44,0,44,1.0
TAFTVILLE,CT,308,276,0,32,32,0.1038961038961039
TAPPAN,NY,338,325,0,13,13,0.038461538461538464
TARENTUM,PA,25,25,0,0,0,0.0
TARRYTOWN,NY,643,533,17,93,110,0.17107309486780714
TAYLOR,TX,54,35,0,19,19,0.35185185185185186
TELFORD,PA,222,222,0,0,0,0.0
TEMPLE HILLS,MD,43,31,0,12,12,0.27906976744186046
TERRYVILLE,CT,242,230,0,12,12,0.049586776859504134
THIELLS,NY,139,81,0,58,58,0.4172661870503597
THOMASTON,CT,371,351,0,20,20,0.05390835579514825
THORNWOOD,NY,185,117,9,59,68,0.3675675675675676
TILLSON,NY,112,112,0,0,0,0.0
TOLLAND,CT,82,67,0,15,15,0.18292682926829268
TORRINGTON,CT,579,515,0,64,64,0.11053540587219343
TOWNSHIP OF WASHINGTON,NJ,28,23,0,5,5,0.17857142857142858
TROY,NY,1435,1208,1,226,227,0.15818815331010452
TRUMBULL,CT,241,237,0,4,4,0.016597510373443983
TUCKAHOE,NY,464,400,0,64,64,0.13793103448275862
TURTLE CREEK,PA,60,54,0,6,6,0.1
TUXEDO PARK,NY,36,34,0,2,2,0.05555555555555555
TYRONE,PA,233,232,0,1,1,0.004291845493562232
Tappan,NY,17,0,1,16,17,1.0
Tarrytown,NY,119,100,0,19,19,0.15966386554621848
Taunton,MA,95,84,0,11,11,0.11578947368421053
Taylorsville,NC,5,0,5,0,5,1.0
Teaneck,NJ,86,81,0,5,5,0.05813953488372093
Tenafly,NJ,33,13,0,20,20,0.6060606060606061
Thomaston,CT,1,1,0,0,0,0.0
Thomasville,NC,1,1,0,0,0,0.0
Thompson,CT,9,8,0,1,1,0.1111111111111111
Thompsontown,PA,1,1,0,0,0,0.0
Thornton,CO,66,64,0,2,2,0.030303030303030304
Thornton,IL,46,34,0,12,12,0.2608695652173913
Three Springs,PA,7,2,0,5,5,0.7142857142857143
Throggs Neck,NY,43,40,0,3,3,0.06976744186046512
Timberlake,NC,81,81,0,0,0,0.0
Tinley Park,IL,63,40,0,23,23,0.36507936507936506
Tiona,PA,2,1,0,1,1,0.5
Titusville,PA,14,13,0,1,1,0.07142857142857142
Tolland,CT,87,84,0,3,3,0.034482758620689655
Torrington,CT,132,114,3,15,18,0.13636363636363635
Towanda,PA,11,10,0,1,1,0.09090909090909091
Transfer,PA,5,5,0,0,0,0.0
Troy,MO,36,36,0,0,0,0.0
Troy,NY,990,789,56,145,201,0.20303030303030303
Trumbull,CT,120,48,0,72,72,0.6
Tuckahoe,NY,25,24,0,1,1,0.04
Tupper Lake,NY,4,0,4,0,4,1.0
Turner,ME,8,5,0,3,3,0.375
Twin Falls,ID,46,43,0,3,3,0.06521739130434782
Tyrone,PA,19,17,0,2,2,0.10526315789473684
UNCASVILLE,CT,50,49,0,1,1,0.02
UNIONDALE,NY,2227,2047,3,177,180,0.08082622361921868
UNIONVILLE,CT,190,182,0,8,8,0.042105263157894736
UPPER CHICHESTER,PA,186,186,0,0,0,0.0
UPPER DARBY,PA,1496,1446,4,46,50,0.03342245989304813
Ulster Park,NY,18,18,0,0,0,0.0
Ulysses,PA,12,12,0,0,0,0.0
Uncasville,CT,2,2,0,0,0,0.0
Union,MI,12,8,0,4,4,0.3333333333333333
Union,NJ,382,312,0,70,70,0.18324607329842932
Union City,NJ,66,32,0,34,34,0.5151515151515151
Uniondale,NY,125,124,0,1,1,0.008
University City,MO,51,49,0,2,2,0.0392156862745098
University Park,IL,46,46,0,0,0,0.0
Upper Chichester,PA,62,62,0,0,0,0.0
Upper Darby,PA,186,184,0,2,2,0.010752688172043012
Upton,MA,2,2,0,0,0,0.0
Uxbridge,MA,20,19,0,1,1,0.05
VALATIE,NY,62,62,0,0,0,0.0
VALHALLA,NY,115,87,9,19,28,0.24347826086956523
VALLEY COTTAGE,NY,249,248,0,1,1,0.004016064257028112
VALLEY PARK,MO,115,65,0,50,50,0.43478260869565216
VALLEY STREAM,NY,5654,5116,5,533,538,0.0951538733639901
VERNON,CT,990,940,0,50,50,0.050505050505050504
VERNON ROCKVILLE,CT,2,0,0,2,2,1.0
VERONA,PA,148,146,0,2,2,0.013513513513513514
VERPLANK,NY,63,63,0,0,0,0.0
VILLA RIDGE,MO,31,4,8,19,27,0.8709677419354839
VIRGINIA BEACH,VA,30,30,0,0,0,0.0
VOORHEES,NJ,102,100,0,2,2,0.0196078431372549
Vail,AZ,10,10,0,0,0,0.0
Valdese,NC,89,62,27,0,27,0.30337078651685395
Valhalla,NY,22,9,0,13,13,0.5909090909090909
Valley Cottage,NY,9,9,0,0,0,0.0
Valley Stream,NY,649,482,82,85,167,0.2573189522342065
Valparaiso,IN,69,67,0,2,2,0.028985507246376812
Vandergrift,PA,50,25,0,25,25,0.5
Vernon Rockville,CT,24,20,0,4,4,0.16666666666666666
Victor,NY,4,0,4,0,4,1.0
Viola,WI,21,0,0,21,21,1.0
Virginia,IL,96,89,0,7,7,0.07291666666666667
W HEMPSTEAD,NY,151,149,0,2,2,0.013245033112582781
WADING RIVER,NY,5,2,0,3,3,0.6
WALDEN,NY,476,277,21,178,199,0.4180672268907563
WALLINGFORD,CT,588,461,0,127,127,0.21598639455782312
WALLKILL,NY,58,30,0,28,28,0.4827586206896552
WANTAGH,NY,616,472,1,143,144,0.23376623376623376
WAPPINGER FALLS,NY,267,182,35,50,85,0.31835205992509363
WAPPINGERS  FAL,NY,24,20,0,4,4,0.16666666666666666
WAPPINGERS FALLS,NY,356,309,1,46,47,0.13202247191011235
WAPPINGERS FLS,NY,59,53,0,6,6,0.1016949152542373
WARMINSTER,PA,1008,940,0,68,68,0.06746031746031746
WARRINGTON,PA,251,248,0,3,3,0.01195219123505976
WARWICK,NY,387,314,0,73,73,0.18863049095607234
WASHINGTON,DC,589,502,1,86,87,0.14770797962648557
WASHINGTON,NC,51,51,0,0,0,0.0
WASHINGTON,PA,216,206,0,10,10,0.046296296296296294
WASHINGTON CROSS,PA,62,62,0,0,0,0.0
WASHINGTONVILLE,NY,129,112,4,13,17,0.13178294573643412
WATERBURY,CT,5293,4789,16,488,504,0.09522010202153788
WATERFORD,CT,399,371,0,28,28,0.07017543859649122
WATERFORD,NY,22,12,0,10,10,0.45454545454545453
WATERTOWN,CT,364,345,0,19,19,0.0521978021978022
WATERVLIET,NY,472,354,5,113,118,0.25
WAYNE,PA,66,62,0,4,4,0.06060606060606061
WEATOGUE,CT,162,150,0,12,12,0.07407407407407407
WENDELL,NC,1,1,0,0,0,0.0
WENTZVILLE,MO,114,99,0,15,15,0.13157894736842105
WEST  HEMPSTEAD,NY,45,45,0,0,0,0.0
WEST ALLIS,WI,1,1,0,0,0,0.0
WEST BABYLON,NY,653,549,0,104,104,0.15926493108728942
WEST CHESTER,PA,235,235,0,0,0,0.0
WEST GROVE,PA,62,44,0,18,18,0.2903225806451613
WEST HARRISON,NY,532,488,16,28,44,0.08270676691729323
WEST HARTFORD,CT,372,351,0,21,21,0.056451612903225805
WEST HAVEN,CT,616,577,0,39,39,0.0633116883116883
WEST HAVERSTRAW,NY,661,632,0,29,29,0.04387291981845688
WEST HEMPSTEAD,NY,1998,1829,5,164,169,0.08458458458458458
WEST ISLIP,NY,225,213,1,11,12,0.05333333333333334
WEST MIFFLIN,PA,47,43,0,4,4,0.0851063829787234
WEST NYACK,NY,216,214,0,2,2,0.009259259259259259
WEST SAYVILLE,NY,43,38,0,5,5,0.11627906976744186
WEST SPRINGFIELD,MA,35,25,0,10,10,0.2857142857142857
WESTBROOK,CT,65,65,0,0,0,0.0
WESTBURY,NY,3037,2776,6,255,261,0.0859400724399078
WESTMINSTER,CO,3,3,0,0,0,0.0
WESTON,CT,3,3,0,0,0,0.0
WESTWOOD,NJ,27,25,0,2,2,0.07407407407407407
WETHERSFIELD,CT,343,302,0,41,41,0.119533527696793
WEXFORD,PA,134,114,0,20,20,0.14925373134328357
WHEATLEY HEIGHTS,NY,54,53,0,1,1,0.018518518518518517
WHITE OAK,PA,61,53,0,8,8,0.13114754098360656
WHITE PLAINS,NY,4786,4062,42,682,724,0.15127455077308818
WHITE PLAINS (Greenburgh),NY,16,11,0,5,5,0.3125
WHITESTONE,NY,4606,4381,0,225,225,0.048849326964828486
WILLIAMSBRIDGE,NY,16,5,0,11,11,0.6875
WILLIAMSBURG,PA,85,64,0,21,21,0.24705882352941178
WILLIAMSTON,NC,2,2,0,0,0,0.0
WILLIMANTIC,CT,381,340,0,41,41,0.10761154855643044
WILLINGTON,CT,90,84,0,6,6,0.06666666666666667
WILLISTON PARK,NY,428,354,0,74,74,0.17289719626168223
WILLOW GROVE,PA,369,359,0,10,10,0.02710027100271003
WILMERDING,PA,26,14,0,12,12,0.46153846153846156
WILMINGTON,DE,90,90,0,0,0,0.0
WILTON,CT,245,147,13,85,98,0.4
WINDBER,PA,42,32,0,10,10,0.23809523809523808
WINDSOR,CT,470,415,0,55,55,0.11702127659574468
WINDSOR LOCKS,CT,264,255,0,9,9,0.03409090909090909
WINGDALE,NY,90,88,0,2,2,0.022222222222222223
WINSTED,CT,710,660,0,50,50,0.07042253521126761
WINTERVILLE,NC,26,26,0,0,0,0.0
WOLCOTT,CT,236,218,0,18,18,0.07627118644067797
WOODBOURNE,NY,105,100,0,5,5,0.047619047619047616
WOODBRIDGE,CT,41,39,0,2,2,0.04878048780487805
WOODBURY,CT,217,214,0,3,3,0.013824884792626729
WOODBURY,NY,357,354,0,3,3,0.008403361344537815
WOODHAVEN,NY,3917,3643,2,272,274,0.06995149348991575
WOODLYN,PA,260,248,0,12,12,0.046153846153846156
WOODMERE,NY,556,530,2,24,26,0.046762589928057555
WOODRIDGE,NY,59,28,2,29,31,0.5254237288135594
WOODSIDE,NY,10162,9342,47,773,820,0.08069277701239913
WOODSTOCK,CT,48,11,0,37,37,0.7708333333333334
WOODSTOCK,NY,68,50,0,18,18,0.2647058823529412
WURTSBORO,NY,152,113,1,38,39,0.2565789473684211
WYANDANCH,NY,326,308,0,18,18,0.05521472392638037
WYCKOFF,NJ,289,252,1,36,37,0.12802768166089964
Wake Forest,NC,1,1,0,0,0,0.0
Walden,NY,205,123,41,41,82,0.4
Wallace,ID,119,102,1,16,17,0.14285714285714285
Wallingford,CT,429,322,0,107,107,0.2494172494172494
Wallingford,PA,114,111,0,3,3,0.02631578947368421
Wantagh,NY,133,118,0,15,15,0.11278195488721804
Wappingers Fall,NY,115,110,0,5,5,0.043478260869565216
Wappingers Falls,NY,295,260,0,35,35,0.11864406779661017
Wappingers Fl,NY,6,0,6,0,6,1.0
Wardell,MO,1,1,0,0,0,0.0
Warfordsburg,PA,33,19,0,14,14,0.42424242424242425
Warren,MA,4,4,0,0,0,0.0
Warren,MI,308,266,12,30,42,0.13636363636363635
Warren,PA,133,115,0,18,18,0.13533834586466165
Warsaw,NY,6,0,6,0,6,1.0
Warwick,NY,157,115,0,42,42,0.267515923566879
Washington,DC,3028,2664,24,340,364,0.1202113606340819
Washington,NC,107,99,0,8,8,0.07476635514018691
Washingtonville,NY,66,61,0,5,5,0.07575757575757576
Waterbury,CT,687,617,8,62,70,0.10189228529839883
Waterford,NY,64,53,1,10,11,0.171875
Waterford,PA,3,1,0,2,2,0.6666666666666666
Watervliet,NY,540,419,0,121,121,0.22407407407407406
Waukesha,WI,3,2,0,1,1,0.3333333333333333
Wauwatosa,WI,3,3,0,0,0,0.0
Wauzeka,WI,87,51,0,36,36,0.41379310344827586
Wayne County,MO,2,2,0,0,0,0.0
Waynesboro,PA,3,0,0,3,3,1.0
Weatogue,CT,1,1,0,0,0,0.0
Weaverville,NC,27,27,0,0,0,0.0
Webster,MA,232,172,19,41,60,0.25862068965517243
Webster,NY,63,0,63,0,63,1.0
Weehawken,NJ,71,46,0,25,25,0.352112676056338
Wells Tannery,PA,7,6,0,1,1,0.14285714285714285
Wellsboro,PA,235,221,0,14,14,0.059574468085106386
Wendell,NC,26,24,0,2,2,0.07692307692307693
Wentzville,MO,32,32,0,0,0,0.0
West Allis,WI,5,5,0,0,0,0.0
West Babylon,NY,320,219,2,99,101,0.315625
West Bend,WI,18,18,0,0,0,0.0
West Boylston,MA,4,0,0,4,4,1.0
West Harrison,NY,122,113,0,9,9,0.07377049180327869
West Hartford,CT,48,42,1,5,6,0.125
West Haven,CT,1,1,0,0,0,0.0
West Haverstraw,NY,20,15,5,0,5,0.25
West Hempstead,NY,231,228,0,3,3,0.012987012987012988
West Islip,NY,149,106,42,1,43,0.28859060402684567
West New York,NJ,37,29,0,8,8,0.21621621621621623
West Nyack,NY,9,8,0,1,1,0.1111111111111111
West Palm Beach,FL,339,213,9,117,126,0.37168141592920356
West Plains,MO,3,3,0,0,0,0.0
West Roxbury,MA,1291,935,6,350,356,0.27575522850503487
West Springfield,MA,183,137,0,46,46,0.25136612021857924
West Townsend,MA,4,4,0,0,0,0.0
Westbrook,CT,9,8,0,1,1,0.1111111111111111
Westbrook,ME,42,31,0,11,11,0.2619047619047619
Westbury,NY,794,728,8,58,66,0.08312342569269521
Westchester,IL,73,62,0,11,11,0.1506849315068493
Westfield,MA,288,223,0,65,65,0.22569444444444445
Westfield,NJ,687,401,0,286,286,0.4163027656477438
Westfield,PA,46,36,0,10,10,0.21739130434782608
Westminster,CO,144,139,0,5,5,0.034722222222222224
Westmont,IL,30,21,0,9,9,0.3
Westport,MA,74,57,0,17,17,0.22972972972972974
Wethersfield,CT,56,37,0,19,19,0.3392857142857143
Wheat Ridge,CO,16,4,0,12,12,0.75
Wheaton,IL,1,0,0,1,1,1.0
Wheeling,IL,42,42,0,0,0,0.0
White Plains,NY,1482,1183,56,243,299,0.20175438596491227
Whitehall,NY,26,26,0,0,0,0.0
Whitesboro,NY,6,0,6,0,6,1.0
Whitestone,NY,475,449,0,26,26,0.05473684210526316
Whitinsville,MA,7,6,0,1,1,0.14285714285714285
Whitsett,NC,2,2,0,0,0,0.0
Wilbraham,MA,434,272,0,162,162,0.37327188940092165
Wiley,CO,4,4,0,0,0,0.0
Williamsport,PA,7,1,0,6,6,0.8571428571428571
Williamston,NC,6,6,0,0,0,0.0
Willimantic,CT,19,17,0,2,2,0.10526315789473684
Willington,CT,62,62,0,0,0,0.0
Willow Springs,MO,23,23,0,0,0,0.0
Willowbrook,IL,15,11,0,4,4,0.26666666666666666
Wilmerding,PA,4,1,3,0,3,0.75
Wilmington,IL,8,5,0,3,3,0.375
Wilson,NC,55,53,0,2,2,0.03636363636363636
Windham,CT,8,8,0,0,0,0.0
Windsor,CO,3,3,0,0,0,0.0
Windsor,CT,10,7,0,3,3,0.3
Windsor Locks,CT,15,13,2,0,2,0.13333333333333333
Winsted,CT,33,18,4,11,15,0.45454545454545453
Winston Salem,NC,130,130,0,0,0,0.0
Winterville,NC,25,25,0,0,0,0.0
Winthrop,MA,9,9,0,0,0,0.0
Wisconsin Dells,WI,24,14,0,10,10,0.4166666666666667
Wolcott,CT,66,64,0,2,2,0.030303030303030304
Wolcott,NY,27,0,27,0,27,1.0
Wonewoc,WI,2,2,0,0,0,0.0
Woodbridge,CT,15,14,0,1,1,0.06666666666666667
Woodbridge,VA,233,224,0,9,9,0.03862660944206009
Woodbury,CT,53,44,0,9,9,0.16981132075471697
Woodhaven,NY,467,446,0,21,21,0.044967880085653104
Woodland,PA,10,6,0,4,4,0.4
Woodland Park,CO,19,19,0,0,0,0.0
Woodlyn,PA,62,62,0,0,0,0.0
Woodmere,NY,16,13,0,3,3,0.1875
Woodridge,IL,2,2,0,0,0,0.0
Woodridge,NY,39,19,11,9,20,0.5128205128205128
Woodside,NY,1839,1729,0,110,110,0.059815116911364874
Woodstock,CT,5,5,0,0,0,0.0
Worcester,MA,217,144,0,73,73,0.33640552995391704
Worth,IL,1,0,0,1,1,1.0
Wynantskill,NY,17,7,0,10,10,0.5882352941176471
YANCEYVILLE,NC,19,16,0,3,3,0.15789473684210525
YAPHANK,NY,62,62,0,0,0,0.0
YARDLEY,PA,186,186,0,0,0,0.0
YONKER,NY,170,126,17,27,44,0.25882352941176473
YONKERS,NY,19365,16621,210,2534,2744,0.14169894138910405
YORKTOWN HEIGHT,NY,222,184,0,38,38,0.17117117117117117
YORKTOWN HEIGHTS,NY,730,545,1,184,185,0.2534246575342466
YORKTOWN HGHTS,NY,54,44,0,10,10,0.18518518518518517
YORKTOWN HGTS,NY,37,26,4,7,11,0.2972972972972973
YUKON,PA,33,20,0,13,13,0.3939393939393939
Yadkinville,NC,62,62,0,0,0,0.0
Yanceyville,NC,99,99,0,0,0,0.0
Yaphank,NY,64,48,12,4,16,0.25
Yeagertown,PA,127,127,0,0,0,0.0
Yoder,IN,11,10,0,1,1,0.09090909090909091
Yonkers,NY,3918,3353,8,557,565,0.14420622766717714
Yorktown Hghts,NY,62,61,0,1,1,0.016129032258064516
Yorktown Hts,NY,14,0,14,0,14,1.0
Youngstown,OH,6,6,0,0,0,0.0
Youngsville,NC,23,22,0,1,1,0.043478260869565216
Youngsville,PA,2,2,0,0,0,0.0
Youngtown,AZ,43,41,0,2,2,0.046511627906976744
Zebulon,NC,5,5,0,0,0,0.0
bay shore,NY,45,43,0,2,2,0.044444444444444446
bronx,NY,198,172,0,26,26,0.13131313131313133
brooklyn,NY,555,502,0,53,53,0.09549549549549549
east meadow,NY,127,127,0,0,0,0.0
farrockaway,NY,12,8,0,4,4,0.3333333333333333
flushing,NY,189,189,0,0,0,0.0
greenfeild,WI,2,2,0,0,0,0.0
jamaica,NY,51,46,0,5,5,0.09803921568627451
kingston,NY,63,63,0,0,0,0.0
maspeth,NY,62,62,0,0,0,0.0
new York,NY,63,63,0,0,0,0.0
new york,NY,577,549,0,28,28,0.04852686308492201
ny,NY,27,20,0,7,7,0.25925925925925924
queens village,NY,178,174,0,4,4,0.02247191011235955
rego park,NY,62,62,0,0,0,0.0
ridgewood,NY,42,41,0,1,1,0.023809523809523808
sea cliff,NY,45,43,0,2,2,0.044444444444444446
staten island,NY,1,1,0,0,0,0.0
white plains,NY,5,1,0,4,4,0.8
yonkers,NY,41,40,0,1,1,0.024390243902439025
